"Datum";"Uhrzeit";"Wochentag";"#";"ST";"Mannschaft 1";"Mannschaft 2";"Schiedsgericht";"Gastgeber";"Austragungsort/Ergebnis";"Austragungsort";"Ergebnis";"Saison";"Spielrunde";"Geschlecht";"Satzpunkte";"Ballpunkte";"Spieldauer";"Zuschauerzahl";"Satzpunkte 1";":";"Satzpunkte 2";"Satz 1 - Ballpunkte 1";":";"Satz 1 - Ballpunkte 2";"Satz 1 - Satzdauer";"Satz 2 - Ballpunkte 1";":";"Satz 2 - Ballpunkte 2";"Satz 2 - Satzdauer";"Satz 3 - Ballpunkte 1";":";"Satz 3 - Ballpunkte 2";"Satz 3 - Satzdauer";"Satz 4 - Ballpunkte 1";":";"Satz 4 - Ballpunkte 2";"Satz 4 - Satzdauer";"Satz 5 - Ballpunkte 1";":";"Satz 5 - Ballpunkte 2";"Satz 5 - Satzdauer";
"20.09.2025";"13:00:00";"Samstag";"4001";"Spieltag 1";"USC Münster II";"RC Sorpesee";"-";"USC Münster II";"3:0 / 75:61";"Sporthalle Berg Fidel (48153 Münster)";"3:0 / 75:61";"2025/26";"2. Bundesliga Frauen Nord";"weiblich";"3:0";"75:61";"77";"85";"3";":";"0";"25";":";"21";"26";"25";":";"23";"29";"25";":";"17";"22";
"20.09.2025";"19:00:00";"Samstag";"4004";"Spieltag 1";"TV Cloppenburg";"SV Energie Cottbus";"-";"TV Cloppenburg";"3:0 / 75:49";"Sporthalle an der Leharstraße (49661 Cloppenburg)";"3:0 / 75:49";"2025/26";"2. Bundesliga Frauen Nord";"weiblich";"3:0";"75:49";"69";"474";"3";":";"0";"25";":";"19";"27";"25";":";"13";"20";"25";":";"17";"22";
"20.09.2025";"19:00:00";"Samstag";"4005";"Spieltag 1";"SSF Bonn";"Team 48 Hildesheim";"-";"SSF Bonn";"1:3 / 75:96";"Hardtberghalle (53125 Bonn)";"1:3 / 75:96";"2025/26";"2. Bundesliga Frauen Nord";"weiblich";"1:3";"75:96";"95";"50";"1";":";"3";"17";":";"25";"22";"25";":";"21";"26";"19";":";"25";"24";"14";":";"25";"23";
"21.09.2025";"16:00:00";"Sonntag";"4002";"Spieltag 1";"TUSA City Girls Düsseldorf";"SC Potsdam II";"-";"TUSA City Girls Düsseldorf";"3:2 / 109:107";"DH Brinckmannstraße, Hulda Pankok (40225 Düsseldorf)";"3:2 / 109:107";"2025/26";"2. Bundesliga Frauen Nord";"weiblich";"3:2";"109:107";"121";"170";"3";":";"2";"23";":";"25";"26";"25";":";"20";"27";"26";":";"24";"27";"20";":";"25";"24";"15";":";"13";"17";
"21.09.2025";"16:00:00";"Sonntag";"4003";"Spieltag 1";"SCU Emlichheim";"BSV Ostbevern";"-";"SCU Emlichheim";"3:0 / 75:52";"Vechtetalhalle (49824 Emlichheim)";"3:0 / 75:52";"2025/26";"2. Bundesliga Frauen Nord";"weiblich";"3:0";"75:52";"74";"305";"3";":";"0";"25";":";"15";"26";"25";":";"18";"23";"25";":";"19";"25";
"21.09.2025";"16:00:00";"Sonntag";"4006";"Spieltag 1";"Schweriner SC II";"VC Osnabrück";"-";"Schweriner SC II";"3:0 / 75:62";"Volleyballhalle Am Lambrechtsgrund (19059 Schwerin)";"3:0 / 75:62";"2025/26";"2. Bundesliga Frauen Nord";"weiblich";"3:0";"75:62";"74";"113";"3";":";"0";"25";":";"16";"16";"25";":";"23";"24";"25";":";"23";"34";
"21.09.2025";"16:00:00";"Sonntag";"4143";"Spieltag 23";"VCO Münster";"RC Sorpesee";"-";"VCO Münster";"1:3 / 77:98";"Ballsporthalle Pascal-Gymnasium (48147 Münster)";"1:3 / 77:98";"2025/26";"2. Bundesliga Frauen Nord";"weiblich";"1:3";"77:98";"91";"94";"1";":";"3";"16";":";"25";"21";"21";":";"25";"25";"25";":";"23";"26";"15";":";"25";"19";
"27.09.2025";"19:30:00";"Samstag";"4011";"Spieltag 2";"VC Osnabrück";"USC Münster II";"-";"VC Osnabrück";"1:3 / 72:87";"Sporthalle am Schlosswall (49080 Osnabrück)";"1:3 / 72:87";"2025/26";"2. Bundesliga Frauen Nord";"weiblich";"1:3";"72:87";"81";"270";"1";":";"3";"15";":";"25";"23";"25";":";"12";"18";"17";":";"25";"22";"15";":";"25";"18";
"04.10.2025";"18:30:00";"Samstag";"4012";"Spieltag 2";"RC Sorpesee";"SSF Bonn";"-";"RC Sorpesee";"0:3 / 55:75";"Schulzentrum Sundern (59846 Sundern)";"0:3 / 55:75";"2025/26";"2. Bundesliga Frauen Nord";"weiblich";"0:3";"55:75";"72";"205";"0";":";"3";"23";":";"25";"28";"14";":";"25";"22";"18";":";"25";"22";
"04.10.2025";"19:00:00";"Samstag";"4008";"Spieltag 2";"SV Energie Cottbus";"SCU Emlichheim";"-";"SV Energie Cottbus";"2:3 / 99:110";"Hallenkomplex Poznaner Straße (03048 Cottbus)";"2:3 / 99:110";"2025/26";"2. Bundesliga Frauen Nord";"weiblich";"2:3";"99:110";"113";"100";"2";":";"3";"25";":";"22";"27";"17";":";"25";"20";"25";":";"23";"25";"22";":";"25";"26";"10";":";"15";"15";
"04.10.2025";"19:00:00";"Samstag";"4009";"Spieltag 2";"BSV Ostbevern";"TUSA City Girls Düsseldorf";"-";"BSV Ostbevern";"1:3 / 95:105";"Beverhalle (48346 Ostbevern)";"1:3 / 95:105";"2025/26";"2. Bundesliga Frauen Nord";"weiblich";"1:3";"95:105";"118";"170";"1";":";"3";"22";":";"25";"24";"25";":";"22";"27";"31";":";"33";"42";"17";":";"25";"25";
"04.10.2025";"20:00:00";"Samstag";"4007";"Spieltag 2";"Team 48 Hildesheim";"TV Cloppenburg";"-";"Team 48 Hildesheim";"3:1 / 99:87";"Sporthalle Marienburger Höhe (31141 Hildesheim)";"3:1 / 99:87";"2025/26";"2. Bundesliga Frauen Nord";"weiblich";"3:1";"99:87";"98";"80";"3";":";"1";"25";":";"23";"26";"25";":";"19";"24";"24";":";"26";"26";"25";":";"19";"22";
"05.10.2025";"15:00:00";"Sonntag";"4010";"Spieltag 2";"SC Potsdam II";"Schweriner SC II";"-";"SC Potsdam II";"1:3 / 100:104";"MBS Arena Potsdam (14471 Potsdam)";"1:3 / 100:104";"2025/26";"2. Bundesliga Frauen Nord";"weiblich";"1:3";"100:104";"112";"143";"1";":";"3";"23";":";"25";"26";"25";":";"27";"29";"27";":";"25";"28";"25";":";"27";"29";
"05.10.2025";"16:00:00";"Sonntag";"4135";"Spieltag 23";"VCO Münster";"TUSA City Girls Düsseldorf";"-";"VCO Münster";"0:3 / 64:76";"Ballsporthalle Pascal-Gymnasium (48147 Münster)";"0:3 / 64:76";"2025/26";"2. Bundesliga Frauen Nord";"weiblich";"0:3";"64:76";"74";"58";"0";":";"3";"18";":";"25";"21";"22";":";"25";"25";"24";":";"26";"28";
"11.10.2025";"16:00:00";"Samstag";"4042";"Spieltag 7";"Schweriner SC II";"SSF Bonn";"-";"Schweriner SC II";"0:3 / 51:75";"Volleyballhalle Am Lambrechtsgrund (19059 Schwerin)";"0:3 / 51:75";"2025/26";"2. Bundesliga Frauen Nord";"weiblich";"0:3";"51:75";"66";"120";"0";":";"3";"16";":";"25";"20";"15";":";"25";"22";"20";":";"25";"24";
"18.10.2025";"13:00:00";"Samstag";"4013";"Spieltag 3";"USC Münster II";"SSF Bonn";"-";"USC Münster II";"3:2 / 101:100";"Sporthalle Berg Fidel (48153 Münster)";"3:2 / 101:100";"2025/26";"2. Bundesliga Frauen Nord";"weiblich";"3:2";"101:100";"105";"0";"3";":";"2";"14";":";"25";"21";"25";":";"15";"19";"22";":";"25";"25";"25";":";"23";"26";"15";":";"12";"14";
"18.10.2025";"17:00:00";"Samstag";"4014";"Spieltag 3";"TUSA City Girls Düsseldorf";"SV Energie Cottbus";"-";"TUSA City Girls Düsseldorf";"3:2 / 100:90";"DH Brinckmannstraße, Hulda Pankok (40225 Düsseldorf)";"3:2 / 100:90";"2025/26";"2. Bundesliga Frauen Nord";"weiblich";"3:2";"100:90";"107";"140";"3";":";"2";"25";":";"15";"23";"21";":";"25";"26";"25";":";"16";"24";"14";":";"25";"21";"15";":";"9";"13";
"18.10.2025";"19:00:00";"Samstag";"4016";"Spieltag 3";"TV Cloppenburg";"RC Sorpesee";"-";"TV Cloppenburg";"1:3 / 87:102";"Sporthalle an der Leharstraße (49661 Cloppenburg)";"1:3 / 87:102";"2025/26";"2. Bundesliga Frauen Nord";"weiblich";"1:3";"87:102";"98";"430";"1";":";"3";"26";":";"24";"28";"19";":";"25";"23";"16";":";"25";"21";"26";":";"28";"26";
"19.10.2025";"16:00:00";"Sonntag";"4015";"Spieltag 3";"SCU Emlichheim";"Team 48 Hildesheim";"-";"SCU Emlichheim";"3:2 / 113:94";"Vechtetalhalle (49824 Emlichheim)";"3:2 / 113:94";"2025/26";"2. Bundesliga Frauen Nord";"weiblich";"3:2";"113:94";"117";"285";"3";":";"2";"23";":";"25";"27";"25";":";"27";"30";"25";":";"12";"21";"25";":";"17";"22";"15";":";"13";"17";
"19.10.2025";"16:00:00";"Sonntag";"4018";"Spieltag 3";"Schweriner SC II";"BSV Ostbevern";"-";"Schweriner SC II";"3:0 / 75:59";"Volleyballhalle Am Lambrechtsgrund (19059 Schwerin)";"3:0 / 75:59";"2025/26";"2. Bundesliga Frauen Nord";"weiblich";"3:0";"75:59";"70";"156";"3";":";"0";"25";":";"23";"24";"25";":";"16";"23";"25";":";"20";"23";
"25.10.2025";"19:30:00";"Samstag";"4017";"Spieltag 3";"VC Osnabrück";"SC Potsdam II";"-";"VC Osnabrück";"1:3 / 80:100";"Sporthalle am Schlosswall (49080 Osnabrück)";"1:3 / 80:100";"2025/26";"2. Bundesliga Frauen Nord";"weiblich";"1:3";"80:100";"91";"210";"1";":";"3";"26";":";"28";"30";"25";":";"22";"23";"18";":";"25";"22";"11";":";"25";"16";
"01.11.2025";"14:30:00";"Samstag";"4022";"Spieltag 4";"SC Potsdam II";"USC Münster II";"-";"SC Potsdam II";"1:3 / 87:96";"MBS Arena Potsdam (14471 Potsdam)";"1:3 / 87:96";"2025/26";"2. Bundesliga Frauen Nord";"weiblich";"1:3";"87:96";"95";"138";"1";":";"3";"25";":";"21";"22";"18";":";"25";"21";"22";":";"25";"26";"22";":";"25";"26";
"01.11.2025";"18:30:00";"Samstag";"4024";"Spieltag 4";"RC Sorpesee";"SCU Emlichheim";"-";"RC Sorpesee";"0:3 / 65:78";"Schulzentrum Sundern (59846 Sundern)";"0:3 / 65:78";"2025/26";"2. Bundesliga Frauen Nord";"weiblich";"0:3";"65:78";"70";"203";"0";":";"3";"23";":";"25";"21";"16";":";"25";"22";"26";":";"28";"27";
"01.11.2025";"19:00:00";"Samstag";"4021";"Spieltag 4";"BSV Ostbevern";"VC Osnabrück";"-";"BSV Ostbevern";"3:1 / 92:72";"Beverhalle (48346 Ostbevern)";"3:1 / 92:72";"2025/26";"2. Bundesliga Frauen Nord";"weiblich";"3:1";"92:72";"93";"263";"3";":";"1";"25";":";"15";"19";"25";":";"11";"17";"17";":";"25";"25";"25";":";"21";"32";
"01.11.2025";"19:00:00";"Samstag";"4148";"Spieltag 23";"SV Energie Cottbus";"VCO Münster";"-";"SV Energie Cottbus";"0:3 / 58:75";"Hallenkomplex Poznaner Straße (03048 Cottbus)";"0:3 / 58:75";"2025/26";"2. Bundesliga Frauen Nord";"weiblich";"0:3";"58:75";"71";"110";"0";":";"3";"17";":";"25";"21";"22";":";"25";"24";"19";":";"25";"26";
"01.11.2025";"20:00:00";"Samstag";"4019";"Spieltag 4";"Team 48 Hildesheim";"TUSA City Girls Düsseldorf";"-";"Team 48 Hildesheim";"3:0 / 75:55";"Sporthalle Marienburger Höhe (31141 Hildesheim)";"3:0 / 75:55";"2025/26";"2. Bundesliga Frauen Nord";"weiblich";"3:0";"75:55";"70";"100";"3";":";"0";"25";":";"22";"25";"25";":";"15";"22";"25";":";"18";"23";
"02.11.2025";"15:00:00";"Sonntag";"4023";"Spieltag 4";"SSF Bonn";"TV Cloppenburg";"-";"SSF Bonn";"3:1 / 104:82";"Hardtberghalle (53125 Bonn)";"3:1 / 104:82";"2025/26";"2. Bundesliga Frauen Nord";"weiblich";"3:1";"104:82";"102";"150";"3";":";"1";"25";":";"20";"24";"25";":";"14";"21";"29";":";"31";"34";"25";":";"17";"23";
"02.11.2025";"15:00:00";"Sonntag";"4152";"Spieltag 23";"SC Potsdam II";"VCO Münster";"-";"SC Potsdam II";"2:3 / 106:105";"MBS Arena Potsdam (14471 Potsdam)";"2:3 / 106:105";"2025/26";"2. Bundesliga Frauen Nord";"weiblich";"2:3";"106:105";"112";"202";"2";":";"3";"25";":";"13";"18";"16";":";"25";"21";"27";":";"25";"29";"25";":";"27";"27";"13";":";"15";"17";
"02.11.2025";"16:00:00";"Sonntag";"4020";"Spieltag 4";"SV Energie Cottbus";"Schweriner SC II";"-";"SV Energie Cottbus";"0:3 / 44:75";"Hallenkomplex Poznaner Straße (03048 Cottbus)";"0:3 / 44:75";"2025/26";"2. Bundesliga Frauen Nord";"weiblich";"0:3";"44:75";"59";"150";"0";":";"3";"15";":";"25";"21";"18";":";"25";"21";"11";":";"25";"17";
"08.11.2025";"15:00:00";"Samstag";"4145";"Spieltag 23";"USC Münster II";"VCO Münster";"-";"USC Münster II";"3:0 / 75:39";"Sporthalle Berg Fidel (48153 Münster)";"3:0 / 75:39";"2025/26";"2. Bundesliga Frauen Nord";"weiblich";"3:0";"75:39";"57";"95";"3";":";"0";"25";":";"15";"19";"25";":";"13";"19";"25";":";"11";"19";
"09.11.2025";"15:00:00";"Sonntag";"4047";"Spieltag 8";"SSF Bonn";"VC Osnabrück";"-";"SSF Bonn";"2:3 / 111:107";"Hardtberghalle (53125 Bonn)";"2:3 / 111:107";"2025/26";"2. Bundesliga Frauen Nord";"weiblich";"2:3";"111:107";"121";"134";"2";":";"3";"23";":";"25";"25";"23";":";"25";"29";"25";":";"18";"23";"25";":";"22";"25";"15";":";"17";"19";
"09.11.2025";"16:00:00";"Sonntag";"4038";"Spieltag 7";"TUSA City Girls Düsseldorf";"TV Cloppenburg";"-";"TUSA City Girls Düsseldorf";"2:3 / 104:97";"DH Brinckmannstraße, Hulda Pankok (40225 Düsseldorf)";"2:3 / 104:97";"2025/26";"2. Bundesliga Frauen Nord";"weiblich";"2:3";"104:97";"113";"100";"2";":";"3";"25";":";"15";"21";"25";":";"17";"25";"22";":";"25";"26";"19";":";"25";"23";"13";":";"15";"18";
"15.11.2025";"13:00:00";"Samstag";"4025";"Spieltag 5";"USC Münster II";"TV Cloppenburg";"-";"USC Münster II";"3:1 / 97:69";"Sporthalle Berg Fidel (48153 Münster)";"3:1 / 97:69";"2025/26";"2. Bundesliga Frauen Nord";"weiblich";"3:1";"97:69";"81";"75";"3";":";"1";"25";":";"13";"16";"22";":";"25";"25";"25";":";"15";"20";"25";":";"16";"20";
"15.11.2025";"18:00:00";"Samstag";"4026";"Spieltag 5";"TUSA City Girls Düsseldorf";"RC Sorpesee";"-";"TUSA City Girls Düsseldorf";"3:2 / 97:105";"DH Brinckmannstraße, Hulda Pankok (40225 Düsseldorf)";"3:2 / 97:105";"2025/26";"2. Bundesliga Frauen Nord";"weiblich";"3:2";"97:105";"110";"103";"3";":";"2";"13";":";"25";"22";"25";":";"21";"24";"25";":";"22";"24";"19";":";"25";"25";"15";":";"12";"15";
"15.11.2025";"19:30:00";"Samstag";"4029";"Spieltag 5";"VC Osnabrück";"SV Energie Cottbus";"-";"VC Osnabrück";"3:0 / 75:45";"Sporthalle am Schlosswall (49080 Osnabrück)";"3:0 / 75:45";"2025/26";"2. Bundesliga Frauen Nord";"weiblich";"3:0";"75:45";"64";"240";"3";":";"0";"25";":";"12";"21";"25";":";"20";"23";"25";":";"13";"20";
"16.11.2025";"15:00:00";"Sonntag";"4028";"Spieltag 5";"SC Potsdam II";"BSV Ostbevern";"-";"SC Potsdam II";"0:3 / 62:75";"MBS Arena Potsdam (14471 Potsdam)";"0:3 / 62:75";"2025/26";"2. Bundesliga Frauen Nord";"weiblich";"0:3";"62:75";"77";"183";"0";":";"3";"20";":";"25";"25";"19";":";"25";"24";"23";":";"25";"28";
"16.11.2025";"16:00:00";"Sonntag";"4027";"Spieltag 5";"SCU Emlichheim";"SSF Bonn";"-";"SCU Emlichheim";"3:0 / 75:57";"Vechtetalhalle (49824 Emlichheim)";"3:0 / 75:57";"2025/26";"2. Bundesliga Frauen Nord";"weiblich";"3:0";"75:57";"72";"350";"3";":";"0";"25";":";"16";"21";"25";":";"18";"24";"25";":";"23";"27";
"16.11.2025";"16:00:00";"Sonntag";"4030";"Spieltag 5";"Schweriner SC II";"Team 48 Hildesheim";"-";"Schweriner SC II";"1:3 / 91:96";"Volleyballhalle Am Lambrechtsgrund (19059 Schwerin)";"1:3 / 91:96";"2025/26";"2. Bundesliga Frauen Nord";"weiblich";"1:3";"91:96";"105";"150";"1";":";"3";"22";":";"25";"23";"25";":";"27";"29";"25";":";"19";"29";"19";":";"25";"24";
"16.11.2025";"16:00:00";"Sonntag";"4139";"Spieltag 23";"VCO Münster";"TV Cloppenburg";"-";"VCO Münster";"3:2 / 104:96";"Ballsporthalle Pascal-Gymnasium (48147 Münster)";"3:2 / 104:96";"2025/26";"2. Bundesliga Frauen Nord";"weiblich";"3:2";"104:96";"104";"40";"3";":";"2";"18";":";"25";"22";"25";":";"19";"22";"25";":";"17";"24";"21";":";"25";"23";"15";":";"10";"13";
"22.11.2025";"16:00:00";"Samstag";"4035";"Spieltag 6";"SSF Bonn";"TUSA City Girls Düsseldorf";"-";"SSF Bonn";"2:3 / 99:108";"Hardtberghalle (53125 Bonn)";"2:3 / 99:108";"2025/26";"2. Bundesliga Frauen Nord";"weiblich";"2:3";"99:108";"122";"120";"2";":";"3";"25";":";"20";"26";"24";":";"26";"29";"25";":";"22";"27";"13";":";"25";"22";"12";":";"15";"18";
"22.11.2025";"18:30:00";"Samstag";"4036";"Spieltag 6";"RC Sorpesee";"Schweriner SC II";"-";"RC Sorpesee";"3:2 / 113:98";"Schulzentrum Sundern (59846 Sundern)";"3:2 / 113:98";"2025/26";"2. Bundesliga Frauen Nord";"weiblich";"3:2";"113:98";"107";"125";"3";":";"2";"25";":";"27";"26";"23";":";"25";"23";"25";":";"21";"22";"25";":";"12";"19";"15";":";"13";"17";
"22.11.2025";"19:00:00";"Samstag";"4033";"Spieltag 6";"BSV Ostbevern";"USC Münster II";"-";"BSV Ostbevern";"0:3 / 57:75";"Beverhalle (48346 Ostbevern)";"0:3 / 57:75";"2025/26";"2. Bundesliga Frauen Nord";"weiblich";"0:3";"57:75";"68";"163";"0";":";"3";"17";":";"25";"21";"23";":";"25";"24";"17";":";"25";"23";
"22.11.2025";"19:00:00";"Samstag";"4034";"Spieltag 6";"TV Cloppenburg";"SCU Emlichheim";"-";"TV Cloppenburg";"0:3 / 49:75";"Sporthalle an der Leharstraße (49661 Cloppenburg)";"0:3 / 49:75";"2025/26";"2. Bundesliga Frauen Nord";"weiblich";"0:3";"49:75";"66";"223";"0";":";"3";"19";":";"25";"23";"20";":";"25";"23";"10";":";"25";"20";
"22.11.2025";"20:00:00";"Samstag";"4146";"Spieltag 23";"Team 48 Hildesheim";"VCO Münster";"-";"Team 48 Hildesheim";"3:0 / 77:49";"Sporthalle Marienburger Höhe (31141 Hildesheim)";"3:0 / 77:49";"2025/26";"2. Bundesliga Frauen Nord";"weiblich";"3:0";"77:49";"68";"80";"3";":";"0";"27";":";"25";"30";"25";":";"12";"20";"25";":";"12";"18";
"23.11.2025";"16:00:00";"Sonntag";"4031";"Spieltag 6";"Team 48 Hildesheim";"VC Osnabrück";"-";"Team 48 Hildesheim";"3:0 / 77:66";"Sporthalle Marienburger Höhe (31141 Hildesheim)";"3:0 / 77:66";"2025/26";"2. Bundesliga Frauen Nord";"weiblich";"3:0";"77:66";"75";"200";"3";":";"0";"25";":";"19";"23";"27";":";"25";"27";"25";":";"22";"25";
"23.11.2025";"16:00:00";"Sonntag";"4032";"Spieltag 6";"SV Energie Cottbus";"SC Potsdam II";"-";"SV Energie Cottbus";"0:3 / 38:75";"Hallenkomplex Poznaner Straße (03048 Cottbus)";"0:3 / 38:75";"2025/26";"2. Bundesliga Frauen Nord";"weiblich";"0:3";"38:75";"66";"200";"0";":";"3";"17";":";"25";"26";"13";":";"25";"20";"8";":";"25";"20";
"23.11.2025";"16:00:00";"Sonntag";"4141";"Spieltag 23";"VCO Münster";"SSF Bonn";"-";"VCO Münster";"0:3 / 52:75";"Ballsporthalle Pascal-Gymnasium (48147 Münster)";"0:3 / 52:75";"2025/26";"2. Bundesliga Frauen Nord";"weiblich";"0:3";"52:75";"66";"46";"0";":";"3";"15";":";"25";"22";"22";":";"25";"24";"15";":";"25";"20";
"29.11.2025";"13:00:00";"Samstag";"4037";"Spieltag 7";"USC Münster II";"SCU Emlichheim";"-";"USC Münster II";"0:3 / 58:76";"Sporthalle Berg Fidel (48153 Münster)";"0:3 / 58:76";"2025/26";"2. Bundesliga Frauen Nord";"weiblich";"0:3";"58:76";"71";"80";"0";":";"3";"18";":";"25";"23";"24";":";"26";"26";"16";":";"25";"22";
"29.11.2025";"19:00:00";"Samstag";"4039";"Spieltag 7";"BSV Ostbevern";"SV Energie Cottbus";"-";"BSV Ostbevern";"3:0 / 75:55";"Beverhalle (48346 Ostbevern)";"3:0 / 75:55";"2025/26";"2. Bundesliga Frauen Nord";"weiblich";"3:0";"75:55";"67";"127";"3";":";"0";"25";":";"15";"18";"25";":";"20";"25";"25";":";"20";"24";
"29.11.2025";"19:30:00";"Samstag";"4154";"Spieltag 23";"VC Osnabrück";"VCO Münster";"-";"VC Osnabrück";"3:1 / 98:86";"Sporthalle am Schlosswall (49080 Osnabrück)";"3:1 / 98:86";"2025/26";"2. Bundesliga Frauen Nord";"weiblich";"3:1";"98:86";"102";"273";"3";":";"1";"25";":";"20";"24";"25";":";"21";"25";"23";":";"25";"28";"25";":";"20";"25";
"30.11.2025";"13:00:00";"Sonntag";"4040";"Spieltag 7";"SC Potsdam II";"Team 48 Hildesheim";"-";"SC Potsdam II";"3:2 / 111:106";"MBS Arena Potsdam (14471 Potsdam)";"3:2 / 111:106";"2025/26";"2. Bundesliga Frauen Nord";"weiblich";"3:2";"111:106";"115";"186";"3";":";"2";"19";":";"25";"20";"25";":";"21";"23";"27";":";"29";"31";"25";":";"23";"26";"15";":";"8";"15";
"30.11.2025";"16:00:00";"Sonntag";"4041";"Spieltag 7";"VC Osnabrück";"RC Sorpesee";"-";"VC Osnabrück";"3:1 / 94:80";"Sporthalle am Schlosswall (49080 Osnabrück)";"3:1 / 94:80";"2025/26";"2. Bundesliga Frauen Nord";"weiblich";"3:1";"94:80";"148";"190";"3";":";"1";"25";":";"20";"84";"19";":";"25";"23";"25";":";"18";"21";"25";":";"17";"20";
"30.11.2025";"16:00:00";"Sonntag";"4137";"Spieltag 23";"VCO Münster";"SCU Emlichheim";"-";"VCO Münster";"1:3 / 72:96";"Ballsporthalle Pascal-Gymnasium (48147 Münster)";"1:3 / 72:96";"2025/26";"2. Bundesliga Frauen Nord";"weiblich";"1:3";"72:96";"90";"50";"1";":";"3";"25";":";"21";"25";"12";":";"25";"20";"14";":";"25";"19";"21";":";"25";"26";
"06.12.2025";"18:30:00";"Samstag";"4048";"Spieltag 8";"RC Sorpesee";"SC Potsdam II";"-";"RC Sorpesee";"0:3 / 62:75";"Schulzentrum Sundern (59846 Sundern)";"0:3 / 62:75";"2025/26";"2. Bundesliga Frauen Nord";"weiblich";"0:3";"62:75";"75";"160";"0";":";"3";"21";":";"25";"24";"23";":";"25";"27";"18";":";"25";"24";
"06.12.2025";"19:00:00";"Samstag";"4044";"Spieltag 8";"SV Energie Cottbus";"USC Münster II";"-";"SV Energie Cottbus";"0:3 / 59:75";"Hallenkomplex Poznaner Straße (03048 Cottbus)";"0:3 / 59:75";"2025/26";"2. Bundesliga Frauen Nord";"weiblich";"0:3";"59:75";"71";"50";"0";":";"3";"22";":";"25";"25";"15";":";"25";"21";"22";":";"25";"25";
"06.12.2025";"19:00:00";"Samstag";"4046";"Spieltag 8";"TV Cloppenburg";"Schweriner SC II";"-";"TV Cloppenburg";"3:1 / 93:89";"Sporthalle an der Leharstraße (49661 Cloppenburg)";"3:1 / 93:89";"2025/26";"2. Bundesliga Frauen Nord";"weiblich";"3:1";"93:89";"100";"225";"3";":";"1";"18";":";"25";"24";"25";":";"20";"25";"25";":";"21";"25";"25";":";"23";"26";
"06.12.2025";"20:00:00";"Samstag";"4043";"Spieltag 8";"Team 48 Hildesheim";"BSV Ostbevern";"-";"Team 48 Hildesheim";"3:1 / 92:72";"Sporthalle Marienburger Höhe (31141 Hildesheim)";"3:1 / 92:72";"2025/26";"2. Bundesliga Frauen Nord";"weiblich";"3:1";"92:72";"83";"60";"3";":";"1";"25";":";"22";"25";"25";":";"11";"19";"17";":";"25";"22";"25";":";"14";"17";
"07.12.2025";"16:00:00";"Sonntag";"4045";"Spieltag 8";"SCU Emlichheim";"TUSA City Girls Düsseldorf";"-";"SCU Emlichheim";"3:0 / 75:53";"Vechtetalhalle (49824 Emlichheim)";"3:0 / 75:53";"2025/26";"2. Bundesliga Frauen Nord";"weiblich";"3:0";"75:53";"68";"255";"3";":";"0";"25";":";"15";"19";"25";":";"15";"21";"25";":";"23";"28";
"07.12.2025";"16:00:00";"Sonntag";"4144";"Spieltag 23";"VCO Münster";"Schweriner SC II";"-";"VCO Münster";"1:3 / 69:92";"Ballsporthalle Pascal-Gymnasium (48147 Münster)";"1:3 / 69:92";"2025/26";"2. Bundesliga Frauen Nord";"weiblich";"1:3";"69:92";"81";"53";"1";":";"3";"25";":";"17";"21";"10";":";"25";"16";"20";":";"25";"23";"14";":";"25";"21";
"13.12.2025";"13:00:00";"Samstag";"4049";"Spieltag 9";"USC Münster II";"TUSA City Girls Düsseldorf";"-";"USC Münster II";"3:1 / 91:87";"Sporthalle Berg Fidel (48153 Münster)";"3:1 / 91:87";"2025/26";"2. Bundesliga Frauen Nord";"weiblich";"3:1";"91:87";"91";"80";"3";":";"1";"25";":";"14";"18";"27";":";"25";"26";"14";":";"25";"20";"25";":";"23";"27";
"13.12.2025";"15:00:00";"Samstag";"4118";"Spieltag 20";"SSF Bonn";"SC Potsdam II";"-";"SSF Bonn";"3:1 / 92:94";"Hardtberghalle (53125 Bonn)";"3:1 / 92:94";"2025/26";"2. Bundesliga Frauen Nord";"weiblich";"3:1";"92:94";"94";"90";"3";":";"1";"25";":";"21";"22";"25";":";"23";"26";"15";":";"25";"20";"27";":";"25";"26";
"13.12.2025";"19:00:00";"Samstag";"4050";"Spieltag 9";"SV Energie Cottbus";"Team 48 Hildesheim";"-";"SV Energie Cottbus";"0:3 / 49:75";"Hallenkomplex Poznaner Straße (03048 Cottbus)";"0:3 / 49:75";"2025/26";"2. Bundesliga Frauen Nord";"weiblich";"0:3";"49:75";"62";"100";"0";":";"3";"17";":";"25";"21";"16";":";"25";"21";"16";":";"25";"20";
"13.12.2025";"19:00:00";"Samstag";"4150";"Spieltag 23";"BSV Ostbevern";"VCO Münster";"-";"BSV Ostbevern";"3:0 / 75:57";"Beverhalle (48346 Ostbevern)";"3:0 / 75:57";"2025/26";"2. Bundesliga Frauen Nord";"weiblich";"3:0";"75:57";"68";"119";"3";":";"0";"25";":";"15";"20";"25";":";"21";"22";"25";":";"21";"26";
"13.12.2025";"19:30:00";"Samstag";"4053";"Spieltag 9";"VC Osnabrück";"TV Cloppenburg";"-";"VC Osnabrück";"3:2 / 108:105";"Sporthalle am Schlosswall (49080 Osnabrück)";"3:2 / 108:105";"2025/26";"2. Bundesliga Frauen Nord";"weiblich";"3:2";"108:105";"139";"208";"3";":";"2";"22";":";"25";"42";"26";":";"24";"29";"20";":";"25";"27";"25";":";"21";"26";"15";":";"10";"15";
"14.12.2025";"16:00:00";"Sonntag";"4051";"Spieltag 9";"BSV Ostbevern";"RC Sorpesee";"-";"BSV Ostbevern";"2:3 / 98:106";"Beverhalle (48346 Ostbevern)";"2:3 / 98:106";"2025/26";"2. Bundesliga Frauen Nord";"weiblich";"2:3";"98:106";"111";"100";"2";":";"3";"25";":";"22";"27";"20";":";"25";"24";"25";":";"19";"22";"18";":";"25";"24";"10";":";"15";"14";
"14.12.2025";"16:00:00";"Sonntag";"4054";"Spieltag 9";"Schweriner SC II";"SCU Emlichheim";"-";"Schweriner SC II";"3:2 / 101:100";"Volleyballhalle Am Lambrechtsgrund (19059 Schwerin)";"3:2 / 101:100";"2025/26";"2. Bundesliga Frauen Nord";"weiblich";"3:2";"101:100";"111";"87";"3";":";"2";"18";":";"25";"22";"18";":";"25";"24";"25";":";"18";"24";"25";":";"23";"26";"15";":";"9";"15";
"20.12.2025";"15:00:00";"Samstag";"4055";"Spieltag 10";"USC Münster II";"Team 48 Hildesheim";"-";"USC Münster II";"3:0 / 75:52";"Sporthalle Berg Fidel (48153 Münster)";"3:0 / 75:52";"2025/26";"2. Bundesliga Frauen Nord";"weiblich";"3:0";"75:52";"66";"75";"3";":";"0";"25";":";"20";"24";"25";":";"20";"22";"25";":";"12";"20";
"20.12.2025";"18:30:00";"Samstag";"4060";"Spieltag 10";"RC Sorpesee";"SV Energie Cottbus";"-";"RC Sorpesee";"3:2 / 110:90";"Schulzentrum Sundern (59846 Sundern)";"3:2 / 110:90";"2025/26";"2. Bundesliga Frauen Nord";"weiblich";"3:2";"110:90";"104";"184";"3";":";"2";"22";":";"25";"23";"25";":";"18";"22";"25";":";"17";"21";"23";":";"25";"26";"15";":";"5";"12";
"20.12.2025";"19:00:00";"Samstag";"4058";"Spieltag 10";"TV Cloppenburg";"SC Potsdam II";"-";"TV Cloppenburg";"3:2 / 110:100";"Sporthalle an der Leharstraße (49661 Cloppenburg)";"3:2 / 110:100";"2025/26";"2. Bundesliga Frauen Nord";"weiblich";"3:2";"110:100";"122";"215";"3";":";"2";"24";":";"26";"30";"21";":";"25";"24";"25";":";"22";"29";"25";":";"20";"26";"15";":";"7";"13";
"20.12.2025";"19:00:00";"Samstag";"4059";"Spieltag 10";"SSF Bonn";"BSV Ostbevern";"-";"SSF Bonn";"3:1 / 95:87";"Hardtberghalle (53125 Bonn)";"3:1 / 95:87";"2025/26";"2. Bundesliga Frauen Nord";"weiblich";"3:1";"95:87";"92";"122";"3";":";"1";"20";":";"25";"23";"25";":";"23";"24";"25";":";"18";"22";"25";":";"21";"23";
"21.12.2025";"16:00:00";"Sonntag";"4056";"Spieltag 10";"TUSA City Girls Düsseldorf";"Schweriner SC II";"-";"TUSA City Girls Düsseldorf";"3:1 / 97:85";"DH Brinckmannstraße, Hulda Pankok (40225 Düsseldorf)";"3:1 / 97:85";"2025/26";"2. Bundesliga Frauen Nord";"weiblich";"3:1";"97:85";"133";"170";"3";":";"1";"25";":";"21";"25";"25";":";"20";"26";"22";":";"25";"60";"25";":";"19";"22";
"21.12.2025";"16:00:00";"Sonntag";"4057";"Spieltag 10";"SCU Emlichheim";"VC Osnabrück";"-";"SCU Emlichheim";"3:0 / 75:35";"Vechtetalhalle (49824 Emlichheim)";"3:0 / 75:35";"2025/26";"2. Bundesliga Frauen Nord";"weiblich";"3:0";"75:35";"52";"525";"3";":";"0";"25";":";"16";"19";"25";":";"10";"17";"25";":";"9";"16";
"10.01.2026";"15:00:00";"Samstag";"4064";"Spieltag 11";"SC Potsdam II";"SCU Emlichheim";"-";"SC Potsdam II";"0:3 / 59:75";"MBS Arena Potsdam (14471 Potsdam)";"0:3 / 59:75";"2025/26";"2. Bundesliga Frauen Nord";"weiblich";"0:3";"59:75";"70";"280";"0";":";"3";"21";":";"25";"24";"17";":";"25";"22";"21";":";"25";"24";
"10.01.2026";"19:00:00";"Samstag";"4062";"Spieltag 11";"SV Energie Cottbus";"SSF Bonn";"-";"SV Energie Cottbus";"0:3 / 58:75";"Hallenkomplex Poznaner Straße (03048 Cottbus)";"0:3 / 58:75";"2025/26";"2. Bundesliga Frauen Nord";"weiblich";"0:3";"58:75";"73";"150";"0";":";"3";"18";":";"25";"23";"23";":";"25";"28";"17";":";"25";"22";
"10.01.2026";"19:00:00";"Samstag";"4063";"Spieltag 11";"BSV Ostbevern";"TV Cloppenburg";"-";"BSV Ostbevern";"3:0 / 75:56";"Beverhalle (48346 Ostbevern)";"3:0 / 75:56";"2025/26";"2. Bundesliga Frauen Nord";"weiblich";"3:0";"75:56";"68";"173";"3";":";"0";"25";":";"15";"20";"25";":";"19";"24";"25";":";"22";"24";
"10.01.2026";"19:30:00";"Samstag";"4065";"Spieltag 11";"VC Osnabrück";"TUSA City Girls Düsseldorf";"-";"VC Osnabrück";"2:3 / 100:109";"Sporthalle am Schlosswall (49080 Osnabrück)";"2:3 / 100:109";"2025/26";"2. Bundesliga Frauen Nord";"weiblich";"2:3";"100:109";"112";"240";"2";":";"3";"25";":";"20";"24";"25";":";"27";"27";"22";":";"25";"28";"25";":";"22";"23";"3";":";"15";"10";
"10.01.2026";"20:00:00";"Samstag";"4061";"Spieltag 11";"Team 48 Hildesheim";"RC Sorpesee";"-";"Team 48 Hildesheim";"3:0 / 79:59";"Sporthalle Marienburger Höhe (31141 Hildesheim)";"3:0 / 79:59";"2025/26";"2. Bundesliga Frauen Nord";"weiblich";"3:0";"79:59";"74";"60";"3";":";"0";"25";":";"16";"24";"25";":";"16";"22";"29";":";"27";"28";
"11.01.2026";"15:00:00";"Sonntag";"4066";"Spieltag 11";"Schweriner SC II";"USC Münster II";"-";"Schweriner SC II";"2:3 / 110:113";"Volleyballhalle Am Lambrechtsgrund (19059 Schwerin)";"2:3 / 110:113";"2025/26";"2. Bundesliga Frauen Nord";"weiblich";"2:3";"110:113";"130";"109";"2";":";"3";"19";":";"25";"21";"25";":";"21";"26";"25";":";"21";"25";"22";":";"25";"35";"19";":";"21";"23";
"17.01.2026";"18:30:00";"Samstag";"4155";"Spieltag 23";"RC Sorpesee";"VCO Münster";"-";"RC Sorpesee";"3:0 / 75:60";"Schulzentrum Sundern (59846 Sundern)";"3:0 / 75:60";"2025/26";"2. Bundesliga Frauen Nord";"weiblich";"3:0";"75:60";"66";"170";"3";":";"0";"25";":";"20";"22";"25";":";"23";"24";"25";":";"17";"20";
"17.01.2026";"19:00:00";"Samstag";"4070";"Spieltag 12";"SV Energie Cottbus";"TV Cloppenburg";"-";"SV Energie Cottbus";"3:1 / 97:88";"Hallenkomplex Poznaner Straße (03048 Cottbus)";"3:1 / 97:88";"2025/26";"2. Bundesliga Frauen Nord";"weiblich";"3:1";"97:88";"99";"250";"3";":";"1";"25";":";"20";"25";"21";":";"25";"23";"26";":";"24";"28";"25";":";"19";"23";
"17.01.2026";"19:30:00";"Samstag";"4072";"Spieltag 12";"VC Osnabrück";"Schweriner SC II";"-";"VC Osnabrück";"3:1 / 97:81";"Sporthalle am Schlosswall (49080 Osnabrück)";"3:1 / 97:81";"2025/26";"2. Bundesliga Frauen Nord";"weiblich";"3:1";"97:81";"155";"210";"3";":";"1";"22";":";"25";"86";"25";":";"20";"24";"25";":";"18";"22";"25";":";"18";"23";
"17.01.2026";"20:00:00";"Samstag";"4071";"Spieltag 12";"Team 48 Hildesheim";"SSF Bonn";"-";"Team 48 Hildesheim";"2:3 / 107:105";"Sporthalle Marienburger Höhe (31141 Hildesheim)";"2:3 / 107:105";"2025/26";"2. Bundesliga Frauen Nord";"weiblich";"2:3";"107:105";"120";"40";"2";":";"3";"23";":";"25";"26";"29";":";"27";"33";"25";":";"13";"21";"17";":";"25";"22";"13";":";"15";"18";
"18.01.2026";"16:00:00";"Sonntag";"4067";"Spieltag 12";"RC Sorpesee";"USC Münster II";"-";"RC Sorpesee";"1:3 / 77:97";"Schulzentrum Sundern (59846 Sundern)";"1:3 / 77:97";"2025/26";"2. Bundesliga Frauen Nord";"weiblich";"1:3";"77:97";"88";"183";"1";":";"3";"22";":";"25";"25";"11";":";"25";"18";"25";":";"22";"23";"19";":";"25";"22";
"18.01.2026";"16:00:00";"Sonntag";"4069";"Spieltag 12";"BSV Ostbevern";"SCU Emlichheim";"-";"BSV Ostbevern";"0:3 / 58:80";"Beverhalle (48346 Ostbevern)";"0:3 / 58:80";"2025/26";"2. Bundesliga Frauen Nord";"weiblich";"0:3";"58:80";"72";"191";"0";":";"3";"17";":";"25";"21";"13";":";"25";"19";"28";":";"30";"32";
"24.01.2026";"15:00:00";"Samstag";"4077";"Spieltag 13";"USC Münster II";"VC Osnabrück";"-";"USC Münster II";"3:0 / 75:59";"Sporthalle Berg Fidel (48153 Münster)";"3:0 / 75:59";"2025/26";"2. Bundesliga Frauen Nord";"weiblich";"3:0";"75:59";"62";"100";"3";":";"0";"25";":";"19";"20";"25";":";"22";"22";"25";":";"18";"20";
"24.01.2026";"16:00:00";"Samstag";"4076";"Spieltag 13";"Schweriner SC II";"SC Potsdam II";"-";"Schweriner SC II";"2:3 / 103:107";"Volleyballhalle Am Lambrechtsgrund (19059 Schwerin)";"2:3 / 103:107";"2025/26";"2. Bundesliga Frauen Nord";"weiblich";"2:3";"103:107";"105";"130";"2";":";"3";"25";":";"23";"22";"18";":";"25";"22";"24";":";"26";"26";"25";":";"18";"22";"11";":";"15";"13";
"24.01.2026";"16:00:00";"Samstag";"4078";"Spieltag 13";"SSF Bonn";"RC Sorpesee";"-";"SSF Bonn";"0:3 / 56:75";"Hardtberghalle (53125 Bonn)";"0:3 / 56:75";"2025/26";"2. Bundesliga Frauen Nord";"weiblich";"0:3";"56:75";"71";"80";"0";":";"3";"20";":";"25";"27";"18";":";"25";"23";"18";":";"25";"21";
"25.01.2026";"16:00:00";"Sonntag";"4073";"Spieltag 13";"TV Cloppenburg";"Team 48 Hildesheim";"-";"TV Cloppenburg";"0:3 / 59:76";"Sporthalle an der Leharstraße (49661 Cloppenburg)";"0:3 / 59:76";"2025/26";"2. Bundesliga Frauen Nord";"weiblich";"0:3";"59:76";"72";"230";"0";":";"3";"24";":";"26";"28";"15";":";"25";"21";"20";":";"25";"23";
"25.01.2026";"16:00:00";"Sonntag";"4074";"Spieltag 13";"SCU Emlichheim";"SV Energie Cottbus";"-";"SCU Emlichheim";"3:0 / 75:34";"Vechtetalhalle (49824 Emlichheim)";"3:0 / 75:34";"2025/26";"2. Bundesliga Frauen Nord";"weiblich";"3:0";"75:34";"54";"180";"3";":";"0";"25";":";"15";"20";"25";":";"9";"17";"25";":";"10";"17";
"25.01.2026";"16:00:00";"Sonntag";"4075";"Spieltag 13";"TUSA City Girls Düsseldorf";"BSV Ostbevern";"-";"TUSA City Girls Düsseldorf";"3:0 / 76:55";"DH Brinckmannstraße, Hulda Pankok (40225 Düsseldorf)";"3:0 / 76:55";"2025/26";"2. Bundesliga Frauen Nord";"weiblich";"3:0";"76:55";"67";"144";"3";":";"0";"25";":";"16";"20";"25";":";"15";"21";"26";":";"24";"26";
"25.01.2026";"16:00:00";"Sonntag";"4142";"Spieltag 23";"VCO Münster";"VC Osnabrück";"-";"VCO Münster";"1:3 / 90:95";"Ballsporthalle Pascal-Gymnasium (48147 Münster)";"1:3 / 90:95";"2025/26";"2. Bundesliga Frauen Nord";"weiblich";"1:3";"90:95";"96";"65";"1";":";"3";"21";":";"25";"24";"25";":";"20";"24";"21";":";"25";"23";"23";":";"25";"25";
"31.01.2026";"16:00:00";"Samstag";"4079";"Spieltag 14";"SSF Bonn";"USC Münster II";"-";"SSF Bonn";"2:3 / 97:110";"Hardtberghalle (53125 Bonn)";"2:3 / 97:110";"2025/26";"2. Bundesliga Frauen Nord";"weiblich";"2:3";"97:110";"102";"78";"2";":";"3";"20";":";"25";"22";"25";":";"23";"24";"18";":";"25";"20";"25";":";"22";"23";"9";":";"15";"13";
"31.01.2026";"16:00:00";"Samstag";"4083";"Spieltag 14";"SC Potsdam II";"VC Osnabrück";"-";"SC Potsdam II";"3:0 / 76:62";"MBS Arena Potsdam (14471 Potsdam)";"3:0 / 76:62";"2025/26";"2. Bundesliga Frauen Nord";"weiblich";"3:0";"76:62";"116";"322";"3";":";"0";"25";":";"22";"71";"26";":";"24";"27";"25";":";"16";"18";
"31.01.2026";"18:30:00";"Samstag";"4082";"Spieltag 14";"RC Sorpesee";"TV Cloppenburg";"-";"RC Sorpesee";"3:0 / 75:53";"Schulzentrum Sundern (59846 Sundern)";"3:0 / 75:53";"2025/26";"2. Bundesliga Frauen Nord";"weiblich";"3:0";"75:53";"65";"166";"3";":";"0";"25";":";"17";"22";"25";":";"17";"20";"25";":";"19";"23";
"31.01.2026";"19:00:00";"Samstag";"4080";"Spieltag 14";"SV Energie Cottbus";"TUSA City Girls Düsseldorf";"-";"SV Energie Cottbus";"Hallenkomplex Poznaner Straße (03048 Cottbus)";"Hallenkomplex Poznaner Straße (03048 Cottbus)";"-";"2025/26";"2. Bundesliga Frauen Nord";"weiblich";
"31.01.2026";"19:00:00";"Samstag";"4084";"Spieltag 14";"BSV Ostbevern";"Schweriner SC II";"-";"BSV Ostbevern";"Beverhalle (48346 Ostbevern)";"Beverhalle (48346 Ostbevern)";"-";"2025/26";"2. Bundesliga Frauen Nord";"weiblich";
"31.01.2026";"20:00:00";"Samstag";"4081";"Spieltag 14";"Team 48 Hildesheim";"SCU Emlichheim";"-";"Team 48 Hildesheim";"Sporthalle Marienburger Höhe (31141 Hildesheim)";"Sporthalle Marienburger Höhe (31141 Hildesheim)";"-";"2025/26";"2. Bundesliga Frauen Nord";"weiblich";
"01.02.2026";"15:00:00";"Sonntag";"4153";"Spieltag 23";"SSF Bonn";"VCO Münster";"-";"SSF Bonn";"Hardtberghalle (53125 Bonn)";"Hardtberghalle (53125 Bonn)";"-";"2025/26";"2. Bundesliga Frauen Nord";"weiblich";
"01.02.2026";"16:00:00";"Sonntag";"4096";"Spieltag 16";"Team 48 Hildesheim";"Schweriner SC II";"-";"Team 48 Hildesheim";"Sporthalle Marienburger Höhe (31141 Hildesheim)";"Sporthalle Marienburger Höhe (31141 Hildesheim)";"-";"2025/26";"2. Bundesliga Frauen Nord";"weiblich";
"07.02.2026";"15:00:00";"Samstag";"4088";"Spieltag 15";"USC Münster II";"SC Potsdam II";"-";"USC Münster II";"Sporthalle Berg Fidel (48153 Münster)";"Sporthalle Berg Fidel (48153 Münster)";"-";"2025/26";"2. Bundesliga Frauen Nord";"weiblich";
"07.02.2026";"19:00:00";"Samstag";"4089";"Spieltag 15";"TV Cloppenburg";"SSF Bonn";"-";"TV Cloppenburg";"Sporthalle an der Leharstraße (49661 Cloppenburg)";"Sporthalle an der Leharstraße (49661 Cloppenburg)";"-";"2025/26";"2. Bundesliga Frauen Nord";"weiblich";
"07.02.2026";"19:30:00";"Samstag";"4087";"Spieltag 15";"VC Osnabrück";"BSV Ostbevern";"-";"VC Osnabrück";"Sporthalle am Schlosswall (49080 Osnabrück)";"Sporthalle am Schlosswall (49080 Osnabrück)";"-";"2025/26";"2. Bundesliga Frauen Nord";"weiblich";
"08.02.2026";"16:00:00";"Sonntag";"4085";"Spieltag 15";"TUSA City Girls Düsseldorf";"Team 48 Hildesheim";"-";"TUSA City Girls Düsseldorf";"DH Brinckmannstraße, Hulda Pankok (40225 Düsseldorf)";"DH Brinckmannstraße, Hulda Pankok (40225 Düsseldorf)";"-";"2025/26";"2. Bundesliga Frauen Nord";"weiblich";
"08.02.2026";"16:00:00";"Sonntag";"4086";"Spieltag 15";"Schweriner SC II";"SV Energie Cottbus";"-";"Schweriner SC II";"Volleyballhalle Am Lambrechtsgrund (19059 Schwerin)";"Volleyballhalle Am Lambrechtsgrund (19059 Schwerin)";"-";"2025/26";"2. Bundesliga Frauen Nord";"weiblich";
"08.02.2026";"16:00:00";"Sonntag";"4140";"Spieltag 23";"VCO Münster";"SC Potsdam II";"-";"VCO Münster";"Ballsporthalle Pascal-Gymnasium (48147 Münster)";"Ballsporthalle Pascal-Gymnasium (48147 Münster)";"-";"2025/26";"2. Bundesliga Frauen Nord";"weiblich";
"14.02.2026";"18:30:00";"Samstag";"4092";"Spieltag 16";"RC Sorpesee";"TUSA City Girls Düsseldorf";"-";"RC Sorpesee";"Schulzentrum Sundern (59846 Sundern)";"Schulzentrum Sundern (59846 Sundern)";"-";"2025/26";"2. Bundesliga Frauen Nord";"weiblich";
"14.02.2026";"19:00:00";"Samstag";"4093";"Spieltag 16";"SSF Bonn";"SCU Emlichheim";"-";"SSF Bonn";"Hardtberghalle (53125 Bonn)";"Hardtberghalle (53125 Bonn)";"-";"2025/26";"2. Bundesliga Frauen Nord";"weiblich";
"14.02.2026";"19:00:00";"Samstag";"4094";"Spieltag 16";"BSV Ostbevern";"SC Potsdam II";"-";"BSV Ostbevern";"Beverhalle (48346 Ostbevern)";"Beverhalle (48346 Ostbevern)";"-";"2025/26";"2. Bundesliga Frauen Nord";"weiblich";
"14.02.2026";"19:00:00";"Samstag";"4095";"Spieltag 16";"SV Energie Cottbus";"VC Osnabrück";"-";"SV Energie Cottbus";"Hallenkomplex Poznaner Straße (03048 Cottbus)";"Hallenkomplex Poznaner Straße (03048 Cottbus)";"-";"2025/26";"2. Bundesliga Frauen Nord";"weiblich";
"14.02.2026";"19:00:00";"Samstag";"4151";"Spieltag 23";"TV Cloppenburg";"VCO Münster";"-";"TV Cloppenburg";"Sporthalle an der Leharstraße (49661 Cloppenburg)";"Sporthalle an der Leharstraße (49661 Cloppenburg)";"-";"2025/26";"2. Bundesliga Frauen Nord";"weiblich";
"15.02.2026";"16:00:00";"Sonntag";"4091";"Spieltag 16";"TV Cloppenburg";"USC Münster II";"-";"TV Cloppenburg";"Sporthalle an der Leharstraße (49661 Cloppenburg)";"Sporthalle an der Leharstraße (49661 Cloppenburg)";"-";"2025/26";"2. Bundesliga Frauen Nord";"weiblich";
"20.02.2026";"19:00:00";"Freitag";"4098";"Spieltag 17";"SC Potsdam II";"SV Energie Cottbus";"-";"SC Potsdam II";"MBS Arena Potsdam (14471 Potsdam)";"MBS Arena Potsdam (14471 Potsdam)";"-";"2025/26";"2. Bundesliga Frauen Nord";"weiblich";
"21.02.2026";"15:00:00";"Samstag";"4099";"Spieltag 17";"USC Münster II";"BSV Ostbevern";"-";"USC Münster II";"Sporthalle Berg Fidel (48153 Münster)";"Sporthalle Berg Fidel (48153 Münster)";"-";"2025/26";"2. Bundesliga Frauen Nord";"weiblich";
"21.02.2026";"18:00:00";"Samstag";"4147";"Spieltag 23";"TUSA City Girls Düsseldorf";"VCO Münster";"-";"TUSA City Girls Düsseldorf";"DH Brinckmannstraße, Hulda Pankok (40225 Düsseldorf)";"DH Brinckmannstraße, Hulda Pankok (40225 Düsseldorf)";"-";"2025/26";"2. Bundesliga Frauen Nord";"weiblich";
"21.02.2026";"19:30:00";"Samstag";"4097";"Spieltag 17";"VC Osnabrück";"Team 48 Hildesheim";"-";"VC Osnabrück";"Sporthalle am Schlosswall (49080 Osnabrück)";"Sporthalle am Schlosswall (49080 Osnabrück)";"-";"2025/26";"2. Bundesliga Frauen Nord";"weiblich";
"22.02.2026";"16:00:00";"Sonntag";"4100";"Spieltag 17";"SCU Emlichheim";"TV Cloppenburg";"-";"SCU Emlichheim";"Vechtetalhalle (49824 Emlichheim)";"Vechtetalhalle (49824 Emlichheim)";"-";"2025/26";"2. Bundesliga Frauen Nord";"weiblich";
"22.02.2026";"16:00:00";"Sonntag";"4102";"Spieltag 17";"Schweriner SC II";"RC Sorpesee";"-";"Schweriner SC II";"Volleyballhalle Am Lambrechtsgrund (19059 Schwerin)";"Volleyballhalle Am Lambrechtsgrund (19059 Schwerin)";"-";"2025/26";"2. Bundesliga Frauen Nord";"weiblich";
"22.02.2026";"16:00:00";"Sonntag";"4138";"Spieltag 23";"VCO Münster";"BSV Ostbevern";"-";"VCO Münster";"Ballsporthalle Pascal-Gymnasium (48147 Münster)";"Ballsporthalle Pascal-Gymnasium (48147 Münster)";"-";"2025/26";"2. Bundesliga Frauen Nord";"weiblich";
"01.03.2026";"13:00:00";"Sonntag";"4133";"Spieltag 23";"VCO Münster";"USC Münster II";"-";"VCO Münster";"Sporthalle Berg Fidel (48153 Münster)";"Sporthalle Berg Fidel (48153 Münster)";"-";"2025/26";"2. Bundesliga Frauen Nord";"weiblich";
"01.03.2026";"15:00:00";"Sonntag";"4068";"Spieltag 12";"SC Potsdam II";"TUSA City Girls Düsseldorf";"-";"SC Potsdam II";"MBS Arena Potsdam (14471 Potsdam)";"MBS Arena Potsdam (14471 Potsdam)";"-";"2025/26";"2. Bundesliga Frauen Nord";"weiblich";
"01.03.2026";"17:00:00";"Sonntag";"4090";"Spieltag 15";"SCU Emlichheim";"RC Sorpesee";"-";"SCU Emlichheim";"Vechtetalhalle (49824 Emlichheim)";"Vechtetalhalle (49824 Emlichheim)";"-";"2025/26";"2. Bundesliga Frauen Nord";"weiblich";
"07.03.2026";"16:00:00";"Samstag";"4103";"Spieltag 18";"SCU Emlichheim";"USC Münster II";"-";"SCU Emlichheim";"Vechtetalhalle (49824 Emlichheim)";"Vechtetalhalle (49824 Emlichheim)";"-";"2025/26";"2. Bundesliga Frauen Nord";"weiblich";
"07.03.2026";"16:00:00";"Samstag";"4108";"Spieltag 18";"SSF Bonn";"Schweriner SC II";"-";"SSF Bonn";"Hardtberghalle (53125 Bonn)";"Hardtberghalle (53125 Bonn)";"-";"2025/26";"2. Bundesliga Frauen Nord";"weiblich";
"07.03.2026";"18:30:00";"Samstag";"4107";"Spieltag 18";"RC Sorpesee";"VC Osnabrück";"-";"RC Sorpesee";"Schulzentrum Sundern (59846 Sundern)";"Schulzentrum Sundern (59846 Sundern)";"-";"2025/26";"2. Bundesliga Frauen Nord";"weiblich";
"07.03.2026";"19:00:00";"Samstag";"4104";"Spieltag 18";"TV Cloppenburg";"TUSA City Girls Düsseldorf";"-";"TV Cloppenburg";"Sporthalle an der Leharstraße (49661 Cloppenburg)";"Sporthalle an der Leharstraße (49661 Cloppenburg)";"-";"2025/26";"2. Bundesliga Frauen Nord";"weiblich";
"07.03.2026";"19:00:00";"Samstag";"4105";"Spieltag 18";"SV Energie Cottbus";"BSV Ostbevern";"-";"SV Energie Cottbus";"Hallenkomplex Poznaner Straße (03048 Cottbus)";"Hallenkomplex Poznaner Straße (03048 Cottbus)";"-";"2025/26";"2. Bundesliga Frauen Nord";"weiblich";
"07.03.2026";"20:00:00";"Samstag";"4106";"Spieltag 18";"Team 48 Hildesheim";"SC Potsdam II";"-";"Team 48 Hildesheim";"Sporthalle Marienburger Höhe (31141 Hildesheim)";"Sporthalle Marienburger Höhe (31141 Hildesheim)";"-";"2025/26";"2. Bundesliga Frauen Nord";"weiblich";
"08.03.2026";"16:00:00";"Sonntag";"4149";"Spieltag 23";"SCU Emlichheim";"VCO Münster";"-";"SCU Emlichheim";"Vechtetalhalle (49824 Emlichheim)";"Vechtetalhalle (49824 Emlichheim)";"-";"2025/26";"2. Bundesliga Frauen Nord";"weiblich";
"14.03.2026";"18:00:00";"Samstag";"4101";"Spieltag 17";"TUSA City Girls Düsseldorf";"SSF Bonn";"-";"TUSA City Girls Düsseldorf";"DH Brinckmannstraße, Hulda Pankok (40225 Düsseldorf)";"DH Brinckmannstraße, Hulda Pankok (40225 Düsseldorf)";"-";"2025/26";"2. Bundesliga Frauen Nord";"weiblich";
"21.03.2026";"15:00:00";"Samstag";"4110";"Spieltag 19";"USC Münster II";"SV Energie Cottbus";"-";"USC Münster II";"Sporthalle Berg Fidel (48153 Münster)";"Sporthalle Berg Fidel (48153 Münster)";"-";"2025/26";"2. Bundesliga Frauen Nord";"weiblich";
"21.03.2026";"16:00:00";"Samstag";"4114";"Spieltag 19";"SC Potsdam II";"RC Sorpesee";"-";"SC Potsdam II";"MBS Arena Potsdam (14471 Potsdam)";"MBS Arena Potsdam (14471 Potsdam)";"-";"2025/26";"2. Bundesliga Frauen Nord";"weiblich";
"21.03.2026";"16:00:00";"Samstag";"4134";"Spieltag 23";"VCO Münster";"Team 48 Hildesheim";"-";"VCO Münster";"Ballsporthalle Pascal-Gymnasium (48147 Münster)";"Ballsporthalle Pascal-Gymnasium (48147 Münster)";"-";"2025/26";"2. Bundesliga Frauen Nord";"weiblich";
"21.03.2026";"19:30:00";"Samstag";"4113";"Spieltag 19";"VC Osnabrück";"SSF Bonn";"-";"VC Osnabrück";"Sporthalle am Schlosswall (49080 Osnabrück)";"Sporthalle am Schlosswall (49080 Osnabrück)";"-";"2025/26";"2. Bundesliga Frauen Nord";"weiblich";
"22.03.2026";"16:00:00";"Sonntag";"4109";"Spieltag 19";"BSV Ostbevern";"Team 48 Hildesheim";"-";"BSV Ostbevern";"Beverhalle (48346 Ostbevern)";"Beverhalle (48346 Ostbevern)";"-";"2025/26";"2. Bundesliga Frauen Nord";"weiblich";
"22.03.2026";"16:00:00";"Sonntag";"4111";"Spieltag 19";"TUSA City Girls Düsseldorf";"SCU Emlichheim";"-";"TUSA City Girls Düsseldorf";"DH Brinckmannstraße, Hulda Pankok (40225 Düsseldorf)";"DH Brinckmannstraße, Hulda Pankok (40225 Düsseldorf)";"-";"2025/26";"2. Bundesliga Frauen Nord";"weiblich";
"22.03.2026";"16:00:00";"Sonntag";"4112";"Spieltag 19";"Schweriner SC II";"TV Cloppenburg";"-";"Schweriner SC II";"Volleyballhalle Am Lambrechtsgrund (19059 Schwerin)";"Volleyballhalle Am Lambrechtsgrund (19059 Schwerin)";"-";"2025/26";"2. Bundesliga Frauen Nord";"weiblich";
"22.03.2026";"16:00:00";"Sonntag";"4136";"Spieltag 23";"VCO Münster";"SV Energie Cottbus";"-";"VCO Münster";"Ballsporthalle Pascal-Gymnasium (48147 Münster)";"Ballsporthalle Pascal-Gymnasium (48147 Münster)";"-";"2025/26";"2. Bundesliga Frauen Nord";"weiblich";
"28.03.2026";"16:00:00";"Samstag";"4052";"Spieltag 9";"SC Potsdam II";"SSF Bonn";"-";"SC Potsdam II";"MBS Arena Potsdam (14471 Potsdam)";"MBS Arena Potsdam (14471 Potsdam)";"-";"2025/26";"2. Bundesliga Frauen Nord";"weiblich";
"28.03.2026";"18:00:00";"Samstag";"4115";"Spieltag 20";"TUSA City Girls Düsseldorf";"USC Münster II";"-";"TUSA City Girls Düsseldorf";"DH Brinckmannstraße, Hulda Pankok (40225 Düsseldorf)";"DH Brinckmannstraße, Hulda Pankok (40225 Düsseldorf)";"-";"2025/26";"2. Bundesliga Frauen Nord";"weiblich";
"28.03.2026";"18:30:00";"Samstag";"4117";"Spieltag 20";"RC Sorpesee";"BSV Ostbevern";"-";"RC Sorpesee";"Schulzentrum Sundern (59846 Sundern)";"Schulzentrum Sundern (59846 Sundern)";"-";"2025/26";"2. Bundesliga Frauen Nord";"weiblich";
"28.03.2026";"19:00:00";"Samstag";"4119";"Spieltag 20";"TV Cloppenburg";"VC Osnabrück";"-";"TV Cloppenburg";"Sporthalle an der Leharstraße (49661 Cloppenburg)";"Sporthalle an der Leharstraße (49661 Cloppenburg)";"-";"2025/26";"2. Bundesliga Frauen Nord";"weiblich";
"28.03.2026";"20:00:00";"Samstag";"4116";"Spieltag 20";"Team 48 Hildesheim";"SV Energie Cottbus";"-";"Team 48 Hildesheim";"Sporthalle Marienburger Höhe (31141 Hildesheim)";"Sporthalle Marienburger Höhe (31141 Hildesheim)";"-";"2025/26";"2. Bundesliga Frauen Nord";"weiblich";
"29.03.2026";"16:00:00";"Sonntag";"4120";"Spieltag 20";"SCU Emlichheim";"Schweriner SC II";"-";"SCU Emlichheim";"Vechtetalhalle (49824 Emlichheim)";"Vechtetalhalle (49824 Emlichheim)";"-";"2025/26";"2. Bundesliga Frauen Nord";"weiblich";
"11.04.2026";"16:00:00";"Samstag";"4156";"Spieltag 23";"Schweriner SC II";"VCO Münster";"-";"Schweriner SC II";"Volleyballhalle Am Lambrechtsgrund (19059 Schwerin)";"Volleyballhalle Am Lambrechtsgrund (19059 Schwerin)";"-";"2025/26";"2. Bundesliga Frauen Nord";"weiblich";
"11.04.2026";"19:00:00";"Samstag";"4125";"Spieltag 21";"BSV Ostbevern";"SSF Bonn";"-";"BSV Ostbevern";"Beverhalle (48346 Ostbevern)";"Beverhalle (48346 Ostbevern)";"-";"2025/26";"2. Bundesliga Frauen Nord";"weiblich";
"11.04.2026";"19:00:00";"Samstag";"4126";"Spieltag 21";"SV Energie Cottbus";"RC Sorpesee";"-";"SV Energie Cottbus";"Hallenkomplex Poznaner Straße (03048 Cottbus)";"Hallenkomplex Poznaner Straße (03048 Cottbus)";"-";"2025/26";"2. Bundesliga Frauen Nord";"weiblich";
"11.04.2026";"19:30:00";"Samstag";"4123";"Spieltag 21";"VC Osnabrück";"SCU Emlichheim";"-";"VC Osnabrück";"Sporthalle am Schlosswall (49080 Osnabrück)";"Sporthalle am Schlosswall (49080 Osnabrück)";"-";"2025/26";"2. Bundesliga Frauen Nord";"weiblich";
"11.04.2026";"20:00:00";"Samstag";"4121";"Spieltag 21";"Team 48 Hildesheim";"USC Münster II";"-";"Team 48 Hildesheim";"Sporthalle Marienburger Höhe (31141 Hildesheim)";"Sporthalle Marienburger Höhe (31141 Hildesheim)";"-";"2025/26";"2. Bundesliga Frauen Nord";"weiblich";
"12.04.2026";"15:00:00";"Sonntag";"4124";"Spieltag 21";"SC Potsdam II";"TV Cloppenburg";"-";"SC Potsdam II";"MBS Arena Potsdam (14471 Potsdam)";"MBS Arena Potsdam (14471 Potsdam)";"-";"2025/26";"2. Bundesliga Frauen Nord";"weiblich";
"12.04.2026";"16:00:00";"Sonntag";"4122";"Spieltag 21";"Schweriner SC II";"TUSA City Girls Düsseldorf";"-";"Schweriner SC II";"Volleyballhalle Am Lambrechtsgrund (19059 Schwerin)";"Volleyballhalle Am Lambrechtsgrund (19059 Schwerin)";"-";"2025/26";"2. Bundesliga Frauen Nord";"weiblich";
"25.04.2026";"19:00:00";"Samstag";"4127";"Spieltag 22";"RC Sorpesee";"Team 48 Hildesheim";"-";"RC Sorpesee";"Schulzentrum Sundern (59846 Sundern)";"Schulzentrum Sundern (59846 Sundern)";"-";"2025/26";"2. Bundesliga Frauen Nord";"weiblich";
"25.04.2026";"19:00:00";"Samstag";"4128";"Spieltag 22";"SSF Bonn";"SV Energie Cottbus";"-";"SSF Bonn";"Hardtberghalle (53125 Bonn)";"Hardtberghalle (53125 Bonn)";"-";"2025/26";"2. Bundesliga Frauen Nord";"weiblich";
"25.04.2026";"19:00:00";"Samstag";"4129";"Spieltag 22";"TV Cloppenburg";"BSV Ostbevern";"-";"TV Cloppenburg";"Sporthalle an der Leharstraße (49661 Cloppenburg)";"Sporthalle an der Leharstraße (49661 Cloppenburg)";"-";"2025/26";"2. Bundesliga Frauen Nord";"weiblich";
"25.04.2026";"19:00:00";"Samstag";"4130";"Spieltag 22";"SCU Emlichheim";"SC Potsdam II";"-";"SCU Emlichheim";"Vechtetalhalle (49824 Emlichheim)";"Vechtetalhalle (49824 Emlichheim)";"-";"2025/26";"2. Bundesliga Frauen Nord";"weiblich";
"25.04.2026";"19:00:00";"Samstag";"4131";"Spieltag 22";"TUSA City Girls Düsseldorf";"VC Osnabrück";"-";"TUSA City Girls Düsseldorf";"DH Brinckmannstraße, Hulda Pankok (40225 Düsseldorf)";"DH Brinckmannstraße, Hulda Pankok (40225 Düsseldorf)";"-";"2025/26";"2. Bundesliga Frauen Nord";"weiblich";
"25.04.2026";"19:00:00";"Samstag";"4132";"Spieltag 22";"USC Münster II";"Schweriner SC II";"-";"USC Münster II";"Sporthalle Berg Fidel (48153 Münster)";"Sporthalle Berg Fidel (48153 Münster)";"-";"2025/26";"2. Bundesliga Frauen Nord";"weiblich";
