"Datum und Uhrzeit";"Wochentag";"#";"ST";"Mannschaft 1";"Mannschaft 1: Verein";"Mannschaft 2";"Mannschaft 2: Verein";"Schiedsgericht";"Schiedsgericht: Verein";"Gastgeber";"Gastgeber: Verein";"Austragungsort/Ergebnis";"Austragungsort";"Ergebnis";"Saison";"Spielrunde";"Geschlecht";"Ballpunkte";"Spieldauer";"Satzpunkte 1";"Satzpunkte 2";"Satz 1 - Ballpunkte 1";"Satz 1 - Ballpunkte 2";"Satz 1 - Satzdauer";"Satz 2 - Ballpunkte 1";"Satz 2 - Ballpunkte 2";"Satz 2 - Satzdauer";"Satz 3 - Ballpunkte 1";"Satz 3 - Ballpunkte 2";"Satz 3 - Satzdauer";"Satz 4 - Ballpunkte 1";"Satz 4 - Ballpunkte 2";"Satz 4 - Satzdauer";"Satz 5 - Ballpunkte 1";"Satz 5 - Ballpunkte 2";"Satz 5 - Satzdauer";
"18.09.2025, 20:00:00";"Donnerstag";"4";"Spieltag 1";"TSV Handorf";"TSV Handorf 1926/64 e.V.";"SV Arminia Appelhülsen II";"SV Arminia Appelhülsen e.V.";"-";"";"TSV Handorf";"TSV Handorf 1926/64 e.V.";"3:0 / 75:52";"2,5fach-Sporthalle Middelfeld (48157 Münster)";"3:0 / 75:52";"2025/26";"Bezirksklasse 26 Frauen";"weiblich";"75:52";"53";"3";"0";"25";"13";"7";"25";"22";"25";"25";"17";"21";
"20.09.2025, 17:00:00";"Samstag";"3";"Spieltag 1";"SV Blau-Weiß Aasee V";"SV Blau-Weiß Aasee e.V.";"SV Blau-Weiß Aasee VI";"SV Blau-Weiß Aasee e.V.";"SV Arminia Appelhülsen II";"SV Arminia Appelhülsen e.V.";"SV Blau-Weiß Aasee V";"SV Blau-Weiß Aasee e.V.";"3:0 / 75:37";"Sporthalle der Bonhoeffer Schule (48151 Münster)";"3:0 / 75:37";"2025/26";"Bezirksklasse 26 Frauen";"weiblich";"75:37";"72";"3";"0";"25";"10";"22";"25";"12";"27";"25";"15";"23";
"21.09.2025, 12:00:00";"Sonntag";"1";"Spieltag 1";"USC Münster VI";"USC Münster e.V.";"USC Münster V";"USC Münster e.V.";"TSC Gievenbeck IV";"TSC Münster-Gievenbeck e.V.";"USC Münster VI";"USC Münster e.V.";"0:3 / 62:75";"Kardinal-von-Galen-Gymnasium (48165 Münster)";"0:3 / 62:75";"2025/26";"Bezirksklasse 26 Frauen";"weiblich";"62:75";"62";"0";"3";"22";"25";"17";"21";"25";"24";"19";"25";"21";
"21.09.2025, 13:15:00";"Sonntag";"2";"Spieltag 1";"TSC Gievenbeck IV";"TSC Münster-Gievenbeck e.V.";"TuS Saxonia Münster IV";"TuS Saxonia Münster 1883 e.V.";"USC Münster VI";"USC Münster e.V.";"USC Münster VI";"USC Münster e.V.";"1:3 / 84:92";"Kardinal-von-Galen-Gymnasium (48165 Münster)";"1:3 / 84:92";"2025/26";"Bezirksklasse 26 Frauen";"weiblich";"84:92";"154";"1";"3";"25";"17";"76";"23";"25";"29";"18";"25";"26";"18";"25";"23";
"04.10.2025, 15:00:00";"Samstag";"5";"Spieltag 2";"TSC Gievenbeck IV";"TSC Münster-Gievenbeck e.V.";"TSV Handorf";"TSV Handorf 1926/64 e.V.";"SV Blau-Weiß Aasee VI";"SV Blau-Weiß Aasee e.V.";"TSC Gievenbeck IV";"TSC Münster-Gievenbeck e.V.";"3:2 / 90:104";"Sporthalle der Mosaikschule (48161 Münster)";"3:2 / 90:104";"2025/26";"Bezirksklasse 26 Frauen";"weiblich";"90:104";"99";"3";"2";"9";"25";"8";"26";"24";"29";"15";"25";"21";"25";"21";"28";"15";"9";"13";
"04.10.2025, 16:15:00";"Samstag";"6";"Spieltag 2";"SV Blau-Weiß Aasee VI";"SV Blau-Weiß Aasee e.V.";"USC Münster VI";"USC Münster e.V.";"TSC Gievenbeck IV";"TSC Münster-Gievenbeck e.V.";"TSC Gievenbeck IV";"TSC Münster-Gievenbeck e.V.";"1:3 / 88:95";"Sporthalle der Mosaikschule (48161 Münster)";"1:3 / 88:95";"2025/26";"Bezirksklasse 26 Frauen";"weiblich";"88:95";"204";"1";"3";"25";"20";"117";"20";"25";"25";"22";"25";"33";"21";"25";"29";
"05.10.2025, 14:30:00";"Sonntag";"7";"Spieltag 2";"SV Arminia Appelhülsen II";"SV Arminia Appelhülsen e.V.";"TuS Saxonia Münster IV";"TuS Saxonia Münster 1883 e.V.";"USC Münster V";"USC Münster e.V.";"SV Arminia Appelhülsen II";"SV Arminia Appelhülsen e.V.";"3:1 / 87:81";"St. Marien Grundschule (48301 Nottuln)";"3:1 / 87:81";"2025/26";"Bezirksklasse 26 Frauen";"weiblich";"87:81";"75";"3";"1";"12";"25";"10";"25";"19";"22";"25";"20";"22";"25";"17";"21";
"05.10.2025, 15:45:00";"Sonntag";"8";"Spieltag 2";"USC Münster V";"USC Münster e.V.";"SV Blau-Weiß Aasee V";"SV Blau-Weiß Aasee e.V.";"SV Arminia Appelhülsen II";"SV Arminia Appelhülsen e.V.";"SV Arminia Appelhülsen II";"SV Arminia Appelhülsen e.V.";"1:3 / 83:88";"St. Marien Grundschule (48301 Nottuln)";"1:3 / 83:88";"2025/26";"Bezirksklasse 26 Frauen";"weiblich";"83:88";"163";"1";"3";"21";"25";"97";"25";"13";"22";"18";"25";"21";"19";"25";"23";
"10.10.2025, 18:00:00";"Freitag";"12";"Spieltag 3";"TSC Gievenbeck IV";"TSC Münster-Gievenbeck e.V.";"USC Münster V";"USC Münster e.V.";"TSV Handorf";"TSV Handorf 1926/64 e.V.";"TSC Gievenbeck IV";"TSC Münster-Gievenbeck e.V.";"0:3 / 46:75";"Sporthalle der Mosaikschule (48161 Münster)";"0:3 / 46:75";"2025/26";"Bezirksklasse 26 Frauen";"weiblich";"46:75";"65";"0";"3";"17";"25";"22";"13";"25";"19";"16";"25";"24";
"11.10.2025, 12:00:00";"Samstag";"9";"Spieltag 3";"TuS Saxonia Münster IV";"TuS Saxonia Münster 1883 e.V.";"USC Münster VI";"USC Münster e.V.";"SV Arminia Appelhülsen II";"SV Arminia Appelhülsen e.V.";"TuS Saxonia Münster IV";"TuS Saxonia Münster 1883 e.V.";"3:2 / 107:93";"Mathilde-Anneke-Gesamtschule (48145 Münster)";"3:2 / 107:93";"2025/26";"Bezirksklasse 26 Frauen";"weiblich";"107:93";"120";"3";"2";"25";"21";"25";"23";"25";"28";"19";"25";"29";"25";"16";"25";"15";"6";"13";
"11.10.2025, 13:15:00";"Samstag";"10";"Spieltag 3";"SV Arminia Appelhülsen II";"SV Arminia Appelhülsen e.V.";"SV Blau-Weiß Aasee VI";"SV Blau-Weiß Aasee e.V.";"TuS Saxonia Münster IV";"TuS Saxonia Münster 1883 e.V.";"TuS Saxonia Münster IV";"TuS Saxonia Münster 1883 e.V.";"3:2 / 107:106";"Mathilde-Anneke-Gesamtschule (48145 Münster)";"3:2 / 107:106";"2025/26";"Bezirksklasse 26 Frauen";"weiblich";"107:106";"118";"3";"2";"22";"25";"24";"25";"22";"27";"18";"25";"23";"25";"19";"26";"17";"15";"18";
"11.10.2025, 15:00:00";"Samstag";"11";"Spieltag 3";"TSV Handorf";"TSV Handorf 1926/64 e.V.";"SV Blau-Weiß Aasee V";"SV Blau-Weiß Aasee e.V.";"USC Münster V";"USC Münster e.V.";"TSV Handorf";"TSV Handorf 1926/64 e.V.";"0:3 / 51:75";"2,5fach-Sporthalle Middelfeld (48157 Münster)";"0:3 / 51:75";"2025/26";"Bezirksklasse 26 Frauen";"weiblich";"51:75";"69";"0";"3";"16";"25";"21";"17";"25";"24";"18";"25";"24";
"25.10.2025, 12:00:00";"Samstag";"15";"Spieltag 4";"SV Blau-Weiß Aasee VI";"SV Blau-Weiß Aasee e.V.";"TuS Saxonia Münster IV";"TuS Saxonia Münster 1883 e.V.";"USC Münster VI";"USC Münster e.V.";"SV Blau-Weiß Aasee VI";"SV Blau-Weiß Aasee e.V.";"3:0 / 75:64";"Sporthalle der Bonhoeffer Schule (48151 Münster)";"3:0 / 75:64";"2025/26";"Bezirksklasse 26 Frauen";"weiblich";"75:64";"78";"3";"0";"25";"23";"26";"25";"22";"27";"25";"19";"25";
"25.10.2025, 13:15:00";"Samstag";"16";"Spieltag 4";"USC Münster VI";"USC Münster e.V.";"TSV Handorf";"TSV Handorf 1926/64 e.V.";"SV Blau-Weiß Aasee VI";"SV Blau-Weiß Aasee e.V.";"SV Blau-Weiß Aasee VI";"SV Blau-Weiß Aasee e.V.";"0:3 / 54:75";"Sporthalle der Bonhoeffer Schule (48151 Münster)";"0:3 / 54:75";"2025/26";"Bezirksklasse 26 Frauen";"weiblich";"54:75";"75";"0";"3";"12";"25";"18";"20";"25";"28";"22";"25";"29";
"26.10.2025, 12:00:00";"Sonntag";"13";"Spieltag 4";"USC Münster V";"USC Münster e.V.";"SV Arminia Appelhülsen II";"SV Arminia Appelhülsen e.V.";"SV Blau-Weiß Aasee V";"SV Blau-Weiß Aasee e.V.";"USC Münster V";"USC Münster e.V.";"3:1 / 98:80";"Kardinal-von-Galen-Gymnasium (48165 Münster)";"3:1 / 98:80";"2025/26";"Bezirksklasse 26 Frauen";"weiblich";"98:80";"98";"3";"1";"23";"25";"28";"25";"12";"20";"25";"20";"25";"25";"23";"25";
"26.10.2025, 13:15:00";"Sonntag";"14";"Spieltag 4";"SV Blau-Weiß Aasee V";"SV Blau-Weiß Aasee e.V.";"TSC Gievenbeck IV";"TSC Münster-Gievenbeck e.V.";"USC Münster V";"USC Münster e.V.";"USC Münster V";"USC Münster e.V.";"3:0 / 75:62";"Kardinal-von-Galen-Gymnasium (48165 Münster)";"3:0 / 75:62";"2025/26";"Bezirksklasse 26 Frauen";"weiblich";"75:62";"50";"3";"0";"25";"19";"4";"25";"22";"23";"25";"21";"23";
"02.11.2025, 12:00:00";"Sonntag";"19";"Spieltag 5";"USC Münster VI";"USC Münster e.V.";"TSC Gievenbeck IV";"TSC Münster-Gievenbeck e.V.";"TuS Saxonia Münster IV";"TuS Saxonia Münster 1883 e.V.";"USC Münster VI";"USC Münster e.V.";"3:2 / 110:101";"Halle Berg Fidel (48151 Münster)";"3:2 / 110:101";"2025/26";"Bezirksklasse 26 Frauen";"weiblich";"110:101";"130";"3";"2";"22";"25";"33";"25";"19";"24";"26";"24";"31";"22";"25";"27";"15";"8";"15";
"02.11.2025, 13:15:00";"Sonntag";"20";"Spieltag 5";"TuS Saxonia Münster IV";"TuS Saxonia Münster 1883 e.V.";"TSV Handorf";"TSV Handorf 1926/64 e.V.";"USC Münster VI";"USC Münster e.V.";"USC Münster VI";"USC Münster e.V.";"1:3 / 83:88";"Halle Berg Fidel (48151 Münster)";"1:3 / 83:88";"2025/26";"Bezirksklasse 26 Frauen";"weiblich";"83:88";"214";"1";"3";"24";"26";"148";"19";"25";"24";"25";"12";"19";"15";"25";"23";
"02.11.2025, 14:30:00";"Sonntag";"17";"Spieltag 5";"SV Arminia Appelhülsen II";"SV Arminia Appelhülsen e.V.";"SV Blau-Weiß Aasee V";"SV Blau-Weiß Aasee e.V.";"SV Blau-Weiß Aasee VI";"SV Blau-Weiß Aasee e.V.";"SV Arminia Appelhülsen II";"SV Arminia Appelhülsen e.V.";"3:2 / 108:96";"St. Marien Grundschule (48301 Nottuln)";"3:2 / 108:96";"2025/26";"Bezirksklasse 26 Frauen";"weiblich";"108:96";"104";"3";"2";"25";"15";"17";"23";"25";"26";"25";"15";"18";"17";"25";"25";"18";"16";"18";
"02.11.2025, 15:45:00";"Sonntag";"18";"Spieltag 5";"SV Blau-Weiß Aasee VI";"SV Blau-Weiß Aasee e.V.";"USC Münster V";"USC Münster e.V.";"SV Arminia Appelhülsen II";"SV Arminia Appelhülsen e.V.";"SV Arminia Appelhülsen II";"SV Arminia Appelhülsen e.V.";"2:3 / 96:108";"St. Marien Grundschule (48301 Nottuln)";"2:3 / 96:108";"2025/26";"Bezirksklasse 26 Frauen";"weiblich";"96:108";"109";"2";"3";"18";"25";"25";"25";"23";"26";"25";"20";"23";"22";"25";"24";"6";"15";"11";
"15.11.2025, 12:00:00";"Samstag";"23";"Spieltag 6";"TuS Saxonia Münster IV";"TuS Saxonia Münster 1883 e.V.";"USC Münster V";"USC Münster e.V.";"SV Blau-Weiß Aasee V";"SV Blau-Weiß Aasee e.V.";"TuS Saxonia Münster IV";"TuS Saxonia Münster 1883 e.V.";"0:3 / 55:75";"Mathilde-Anneke-Gesamtschule (48145 Münster)";"0:3 / 55:75";"2025/26";"Bezirksklasse 26 Frauen";"weiblich";"55:75";"77";"0";"3";"14";"25";"24";"19";"25";"25";"22";"25";"28";
"15.11.2025, 13:15:00";"Samstag";"24";"Spieltag 6";"SV Blau-Weiß Aasee V";"SV Blau-Weiß Aasee e.V.";"USC Münster VI";"USC Münster e.V.";"TuS Saxonia Münster IV";"TuS Saxonia Münster 1883 e.V.";"TuS Saxonia Münster IV";"TuS Saxonia Münster 1883 e.V.";"3:0 / 75:48";"Mathilde-Anneke-Gesamtschule (48145 Münster)";"3:0 / 75:48";"2025/26";"Bezirksklasse 26 Frauen";"weiblich";"75:48";"72";"3";"0";"25";"16";"25";"25";"12";"19";"25";"20";"28";
"15.11.2025, 15:00:00";"Samstag";"21";"Spieltag 6";"TSV Handorf";"TSV Handorf 1926/64 e.V.";"SV Blau-Weiß Aasee VI";"SV Blau-Weiß Aasee e.V.";"SV Arminia Appelhülsen II";"SV Arminia Appelhülsen e.V.";"TSV Handorf";"TSV Handorf 1926/64 e.V.";"3:1 / 92:90";"2,5fach-Sporthalle Middelfeld (48157 Münster)";"3:1 / 92:90";"2025/26";"Bezirksklasse 26 Frauen";"weiblich";"92:90";"109";"3";"1";"25";"23";"29";"17";"25";"23";"25";"20";"27";"25";"22";"30";
"15.11.2025, 16:15:00";"Samstag";"22";"Spieltag 6";"SV Arminia Appelhülsen II";"SV Arminia Appelhülsen e.V.";"TSC Gievenbeck IV";"TSC Münster-Gievenbeck e.V.";"TSV Handorf";"TSV Handorf 1926/64 e.V.";"TSV Handorf";"TSV Handorf 1926/64 e.V.";"3:0 / 75:47";"2,5fach-Sporthalle Middelfeld (48157 Münster)";"3:0 / 75:47";"2025/26";"Bezirksklasse 26 Frauen";"weiblich";"75:47";"58";"3";"0";"25";"17";"19";"25";"12";"19";"25";"18";"20";
"06.12.2025, 11:30:00";"Samstag";"25";"Spieltag 7";"SV Blau-Weiß Aasee VI";"SV Blau-Weiß Aasee e.V.";"TSC Gievenbeck IV";"TSC Münster-Gievenbeck e.V.";"USC Münster VI";"USC Münster e.V.";"SV Blau-Weiß Aasee VI";"SV Blau-Weiß Aasee e.V.";"3:1 / 98:72";"Erich-Klausener-Schule (48151 Münster)";"3:1 / 98:72";"2025/26";"Bezirksklasse 26 Frauen";"weiblich";"98:72";"96";"3";"1";"25";"20";"25";"25";"14";"23";"23";"25";"26";"25";"13";"22";
"06.12.2025, 12:45:00";"Samstag";"26";"Spieltag 7";"USC Münster VI";"USC Münster e.V.";"SV Arminia Appelhülsen II";"SV Arminia Appelhülsen e.V.";"SV Blau-Weiß Aasee VI";"SV Blau-Weiß Aasee e.V.";"SV Blau-Weiß Aasee VI";"SV Blau-Weiß Aasee e.V.";"2:3 / 98:102";"Erich-Klausener-Schule (48151 Münster)";"2:3 / 98:102";"2025/26";"Bezirksklasse 26 Frauen";"weiblich";"98:102";"188";"2";"3";"25";"16";"95";"19";"25";"24";"25";"21";"27";"22";"25";"27";"7";"15";"15";
"07.12.2025, 12:00:00";"Sonntag";"27";"Spieltag 7";"USC Münster V";"USC Münster e.V.";"TSV Handorf";"TSV Handorf 1926/64 e.V.";"TuS Saxonia Münster IV";"TuS Saxonia Münster 1883 e.V.";"USC Münster V";"USC Münster e.V.";"1:3 / 81:87";"Halle Berg Fidel (48151 Münster)";"1:3 / 81:87";"2025/26";"Bezirksklasse 26 Frauen";"weiblich";"81:87";"88";"1";"3";"25";"12";"18";"17";"25";"23";"19";"25";"22";"20";"25";"25";
"07.12.2025, 13:15:00";"Sonntag";"28";"Spieltag 7";"TuS Saxonia Münster IV";"TuS Saxonia Münster 1883 e.V.";"SV Blau-Weiß Aasee V";"SV Blau-Weiß Aasee e.V.";"USC Münster V";"USC Münster e.V.";"USC Münster V";"USC Münster e.V.";"0:3 / 50:75";"Halle Berg Fidel (48151 Münster)";"0:3 / 50:75";"2025/26";"Bezirksklasse 26 Frauen";"weiblich";"50:75";"50";"0";"3";"18";"25";"5";"14";"25";"22";"18";"25";"23";
"16.12.2025, 18:15:00";"Dienstag";"29";"Spieltag 8";"USC Münster V";"USC Münster e.V.";"USC Münster VI";"USC Münster e.V.";"TuS Saxonia Münster IV";"TuS Saxonia Münster 1883 e.V.";"USC Münster V";"USC Münster e.V.";"3:0 / 75:55";"Halle Berg Fidel (48151 Münster)";"3:0 / 75:55";"2025/26";"Bezirksklasse 26 Frauen";"weiblich";"75:55";"88";"3";"0";"25";"15";"36";"25";"20";"26";"25";"20";"26";
"16.12.2025, 20:00:00";"Dienstag";"31";"Spieltag 8";"SV Blau-Weiß Aasee VI";"SV Blau-Weiß Aasee e.V.";"SV Blau-Weiß Aasee V";"SV Blau-Weiß Aasee e.V.";"-";"";"SV Blau-Weiß Aasee VI";"SV Blau-Weiß Aasee e.V.";"0:3 / 48:75";"Sporthalle der Bonhoeffer Schule (48151 Münster)";"0:3 / 48:75";"2025/26";"Bezirksklasse 26 Frauen";"weiblich";"48:75";"111";"0";"3";"13";"25";"65";"15";"25";"22";"20";"25";"24";
"21.12.2025, 12:15:00";"Sonntag";"32";"Spieltag 8";"SV Arminia Appelhülsen II";"SV Arminia Appelhülsen e.V.";"TSV Handorf";"TSV Handorf 1926/64 e.V.";"SV Blau-Weiß Aasee V";"SV Blau-Weiß Aasee e.V.";"SV Blau-Weiß Aasee V";"SV Blau-Weiß Aasee e.V.";"1:3 / 85:98";"Sporthalle der Bonhoeffer Schule (48151 Münster)";"1:3 / 85:98";"2025/26";"Bezirksklasse 26 Frauen";"weiblich";"85:98";"86";"1";"3";"23";"25";"17";"18";"25";"20";"25";"23";"25";"19";"25";"24";
"21.12.2025, 14:00:00";"Sonntag";"30";"Spieltag 8";"TuS Saxonia Münster IV";"TuS Saxonia Münster 1883 e.V.";"TSC Gievenbeck IV";"TSC Münster-Gievenbeck e.V.";"USC Münster V";"USC Münster e.V.";"TuS Saxonia Münster IV";"TuS Saxonia Münster 1883 e.V.";"3:1 / 96:86";"Mathilde-Anneke-Gesamtschule (48145 Münster)";"3:1 / 96:86";"2025/26";"Bezirksklasse 26 Frauen";"weiblich";"96:86";"128";"3";"1";"21";"25";"55";"25";"18";"26";"25";"23";"23";"25";"20";"24";
"17.01.2026, 15:00:00";"Samstag";"33";"Spieltag 9";"TSV Handorf";"TSV Handorf 1926/64 e.V.";"TSC Gievenbeck IV";"TSC Münster-Gievenbeck e.V.";"USC Münster VI";"USC Münster e.V.";"TSV Handorf";"TSV Handorf 1926/64 e.V.";"3:2 / 117:110";"2,5fach-Sporthalle Middelfeld (48157 Münster)";"3:2 / 117:110";"2025/26";"Bezirksklasse 26 Frauen";"weiblich";"117:110";"132";"3";"2";"25";"22";"24";"25";"22";"29";"28";"30";"35";"24";"26";"29";"15";"10";"15";
"17.01.2026, 16:00:00";"Samstag";"35";"Spieltag 9";"TuS Saxonia Münster IV";"TuS Saxonia Münster 1883 e.V.";"SV Arminia Appelhülsen II";"SV Arminia Appelhülsen e.V.";"SV Blau-Weiß Aasee V";"SV Blau-Weiß Aasee e.V.";"TuS Saxonia Münster IV";"TuS Saxonia Münster 1883 e.V.";"3:0 / 75:48";"Städtisches Wilhelm-Hittorf-Gymnasium (48151 Münster)";"3:0 / 75:48";"2025/26";"Bezirksklasse 26 Frauen";"weiblich";"75:48";"56";"3";"0";"25";"17";"15";"25";"18";"22";"25";"13";"19";
"17.01.2026, 16:15:00";"Samstag";"34";"Spieltag 9";"USC Münster VI";"USC Münster e.V.";"SV Blau-Weiß Aasee VI";"SV Blau-Weiß Aasee e.V.";"TSV Handorf";"TSV Handorf 1926/64 e.V.";"TSV Handorf";"TSV Handorf 1926/64 e.V.";"0:3 / 61:75";"2,5fach-Sporthalle Middelfeld (48157 Münster)";"0:3 / 61:75";"2025/26";"Bezirksklasse 26 Frauen";"weiblich";"61:75";"197";"0";"3";"20";"25";"148";"22";"25";"25";"19";"25";"24";
"17.01.2026, 17:15:00";"Samstag";"36";"Spieltag 9";"SV Blau-Weiß Aasee V";"SV Blau-Weiß Aasee e.V.";"USC Münster V";"USC Münster e.V.";"TuS Saxonia Münster IV";"TuS Saxonia Münster 1883 e.V.";"TuS Saxonia Münster IV";"TuS Saxonia Münster 1883 e.V.";"3:1 / 103:92";"Städtisches Wilhelm-Hittorf-Gymnasium (48151 Münster)";"3:1 / 103:92";"2025/26";"Bezirksklasse 26 Frauen";"weiblich";"103:92";"162";"3";"1";"25";"22";"80";"28";"30";"33";"25";"19";"23";"25";"21";"26";
"24.01.2026, 12:00:00";"Samstag";"39";"Spieltag 10";"SV Blau-Weiß Aasee V";"SV Blau-Weiß Aasee e.V.";"TSV Handorf";"TSV Handorf 1926/64 e.V.";"USC Münster V";"USC Münster e.V.";"SV Blau-Weiß Aasee V";"SV Blau-Weiß Aasee e.V.";"3:0 / 75:48";"Sporthalle der Bonhoeffer Schule (48151 Münster)";"3:0 / 75:48";"2025/26";"Bezirksklasse 26 Frauen";"weiblich";"75:48";"64";"3";"0";"25";"14";"19";"25";"15";"21";"25";"19";"24";
"24.01.2026, 13:15:00";"Samstag";"40";"Spieltag 10";"USC Münster V";"USC Münster e.V.";"TSC Gievenbeck IV";"TSC Münster-Gievenbeck e.V.";"SV Blau-Weiß Aasee V";"SV Blau-Weiß Aasee e.V.";"SV Blau-Weiß Aasee V";"SV Blau-Weiß Aasee e.V.";"3:1 / 100:86";"Sporthalle der Bonhoeffer Schule (48151 Münster)";"3:1 / 100:86";"2025/26";"Bezirksklasse 26 Frauen";"weiblich";"100:86";"153";"3";"1";"24";"26";"78";"26";"24";"27";"25";"16";"21";"25";"20";"27";
"24.01.2026, 14:00:00";"Samstag";"37";"Spieltag 10";"USC Münster VI";"USC Münster e.V.";"TuS Saxonia Münster IV";"TuS Saxonia Münster 1883 e.V.";"SV Blau-Weiß Aasee VI";"SV Blau-Weiß Aasee e.V.";"USC Münster VI";"USC Münster e.V.";"1:3 / 75:94";"Mathilde-Anneke-Gesamtschule (48145 Münster)";"1:3 / 75:94";"2025/26";"Bezirksklasse 26 Frauen";"weiblich";"75:94";"92";"1";"3";"14";"25";"18";"25";"19";"24";"23";"25";"31";"13";"25";"19";
"24.01.2026, 15:15:00";"Samstag";"38";"Spieltag 10";"SV Blau-Weiß Aasee VI";"SV Blau-Weiß Aasee e.V.";"SV Arminia Appelhülsen II";"SV Arminia Appelhülsen e.V.";"USC Münster VI";"USC Münster e.V.";"USC Münster VI";"USC Münster e.V.";"1:3 / 82:98";"Mathilde-Anneke-Gesamtschule (48145 Münster)";"1:3 / 82:98";"2025/26";"Bezirksklasse 26 Frauen";"weiblich";"82:98";"191";"1";"3";"15";"25";"112";"25";"23";"26";"19";"25";"23";"23";"25";"30";
"31.01.2026, 16:00:00";"Samstag";"43";"Spieltag 11";"TuS Saxonia Münster IV";"TuS Saxonia Münster 1883 e.V.";"SV Blau-Weiß Aasee VI";"SV Blau-Weiß Aasee e.V.";"TSV Handorf";"TSV Handorf 1926/64 e.V.";"TuS Saxonia Münster IV";"TuS Saxonia Münster 1883 e.V.";"0:3 / 59:76";"Städtisches Wilhelm-Hittorf-Gymnasium (48151 Münster)";"0:3 / 59:76";"2025/26";"Bezirksklasse 26 Frauen";"weiblich";"59:76";"74";"0";"3";"17";"25";"27";"24";"26";"26";"18";"25";"21";
"31.01.2026, 17:15:00";"Samstag";"44";"Spieltag 11";"TSV Handorf";"TSV Handorf 1926/64 e.V.";"USC Münster VI";"USC Münster e.V.";"TuS Saxonia Münster IV";"TuS Saxonia Münster 1883 e.V.";"TuS Saxonia Münster IV";"TuS Saxonia Münster 1883 e.V.";"3:1 / 100:90";"Städtisches Wilhelm-Hittorf-Gymnasium (48151 Münster)";"3:1 / 100:90";"2025/26";"Bezirksklasse 26 Frauen";"weiblich";"100:90";"101";"3";"1";"26";"24";"27";"23";"25";"26";"25";"17";"21";"26";"24";"27";
"01.02.2026, 14:30:00";"Sonntag";"41";"Spieltag 11";"SV Arminia Appelhülsen II";"SV Arminia Appelhülsen e.V.";"USC Münster V";"USC Münster e.V.";"TSC Gievenbeck IV";"TSC Münster-Gievenbeck e.V.";"SV Arminia Appelhülsen II";"SV Arminia Appelhülsen e.V.";"0:3 / 23:75";"St. Marien Grundschule (48301 Nottuln)";"0:3 / 23:75";"2025/26";"Bezirksklasse 26 Frauen";"weiblich";"23:75";"44";"0";"3";"9";"25";"13";"7";"25";"16";"7";"25";"15";
"01.02.2026, 15:45:00";"Sonntag";"42";"Spieltag 11";"TSC Gievenbeck IV";"TSC Münster-Gievenbeck e.V.";"SV Blau-Weiß Aasee V";"SV Blau-Weiß Aasee e.V.";"SV Arminia Appelhülsen II";"SV Arminia Appelhülsen e.V.";"SV Arminia Appelhülsen II";"SV Arminia Appelhülsen e.V.";"0:3 / 46:75";"St. Marien Grundschule (48301 Nottuln)";"0:3 / 46:75";"2025/26";"Bezirksklasse 26 Frauen";"weiblich";"46:75";"111";"0";"3";"23";"25";"77";"12";"25";"18";"11";"25";"16";
"21.02.2026, 12:00:00";"Samstag";"47";"Spieltag 12";"TSC Gievenbeck IV";"TSC Münster-Gievenbeck e.V.";"USC Münster VI";"USC Münster e.V.";"TSV Handorf";"TSV Handorf 1926/64 e.V.";"TSC Gievenbeck IV";"TSC Münster-Gievenbeck e.V.";"3:0 / 75:59";"Sporthalle der Mosaikschule (48161 Münster)";"3:0 / 75:59";"2025/26";"Bezirksklasse 26 Frauen";"weiblich";"75:59";"73";"3";"0";"25";"18";"21";"25";"21";"26";"25";"20";"26";
"21.02.2026, 13:15:00";"Samstag";"48";"Spieltag 12";"TSV Handorf";"TSV Handorf 1926/64 e.V.";"TuS Saxonia Münster IV";"TuS Saxonia Münster 1883 e.V.";"TSC Gievenbeck IV";"TSC Münster-Gievenbeck e.V.";"TSC Gievenbeck IV";"TSC Münster-Gievenbeck e.V.";"0:3 / 66:76";"Sporthalle der Mosaikschule (48161 Münster)";"0:3 / 66:76";"2025/26";"Bezirksklasse 26 Frauen";"weiblich";"66:76";"158";"0";"3";"24";"26";"105";"22";"25";"28";"20";"25";"25";
"22.02.2026, 11:00:00";"Sonntag";"45";"Spieltag 12";"SV Blau-Weiß Aasee V";"SV Blau-Weiß Aasee e.V.";"SV Arminia Appelhülsen II";"SV Arminia Appelhülsen e.V.";"USC Münster V";"USC Münster e.V.";"SV Blau-Weiß Aasee V";"SV Blau-Weiß Aasee e.V.";"3:0 / 75:44";"Sporthalle der Bonhoeffer Schule (48151 Münster)";"3:0 / 75:44";"2025/26";"Bezirksklasse 26 Frauen";"weiblich";"75:44";"72";"3";"0";"25";"21";"30";"25";"15";"23";"25";"8";"19";
"22.02.2026, 12:15:00";"Sonntag";"46";"Spieltag 12";"USC Münster V";"USC Münster e.V.";"SV Blau-Weiß Aasee VI";"SV Blau-Weiß Aasee e.V.";"SV Blau-Weiß Aasee V";"SV Blau-Weiß Aasee e.V.";"SV Blau-Weiß Aasee V";"SV Blau-Weiß Aasee e.V.";"Sporthalle der Bonhoeffer Schule (48151 Münster)";"Sporthalle der Bonhoeffer Schule (48151 Münster)";"-";"2025/26";"Bezirksklasse 26 Frauen";"weiblich";
"07.03.2026, 12:00:00";"Samstag";"49";"Spieltag 13";"SV Blau-Weiß Aasee VI";"SV Blau-Weiß Aasee e.V.";"TSV Handorf";"TSV Handorf 1926/64 e.V.";"TSC Gievenbeck IV";"TSC Münster-Gievenbeck e.V.";"SV Blau-Weiß Aasee VI";"SV Blau-Weiß Aasee e.V.";"Sporthalle der Bonhoeffer Schule (48151 Münster)";"Sporthalle der Bonhoeffer Schule (48151 Münster)";"-";"2025/26";"Bezirksklasse 26 Frauen";"weiblich";
"07.03.2026, 13:15:00";"Samstag";"50";"Spieltag 13";"TSC Gievenbeck IV";"TSC Münster-Gievenbeck e.V.";"SV Arminia Appelhülsen II";"SV Arminia Appelhülsen e.V.";"SV Blau-Weiß Aasee VI";"SV Blau-Weiß Aasee e.V.";"SV Blau-Weiß Aasee VI";"SV Blau-Weiß Aasee e.V.";"Sporthalle der Bonhoeffer Schule (48151 Münster)";"Sporthalle der Bonhoeffer Schule (48151 Münster)";"-";"2025/26";"Bezirksklasse 26 Frauen";"weiblich";
"08.03.2026, 12:00:00";"Sonntag";"51";"Spieltag 13";"USC Münster V";"USC Münster e.V.";"TuS Saxonia Münster IV";"TuS Saxonia Münster 1883 e.V.";"USC Münster VI";"USC Münster e.V.";"USC Münster V";"USC Münster e.V.";"Kardinal-von-Galen-Gymnasium (48165 Münster)";"Kardinal-von-Galen-Gymnasium (48165 Münster)";"-";"2025/26";"Bezirksklasse 26 Frauen";"weiblich";
"08.03.2026, 13:15:00";"Sonntag";"52";"Spieltag 13";"USC Münster VI";"USC Münster e.V.";"SV Blau-Weiß Aasee V";"SV Blau-Weiß Aasee e.V.";"USC Münster V";"USC Münster e.V.";"USC Münster V";"USC Münster e.V.";"Kardinal-von-Galen-Gymnasium (48165 Münster)";"Kardinal-von-Galen-Gymnasium (48165 Münster)";"-";"2025/26";"Bezirksklasse 26 Frauen";"weiblich";
"21.03.2026, 15:00:00";"Samstag";"55";"Spieltag 14";"TSV Handorf";"TSV Handorf 1926/64 e.V.";"USC Münster V";"USC Münster e.V.";"SV Blau-Weiß Aasee V";"SV Blau-Weiß Aasee e.V.";"TSV Handorf";"TSV Handorf 1926/64 e.V.";"2,5fach-Sporthalle Middelfeld (48157 Münster)";"2,5fach-Sporthalle Middelfeld (48157 Münster)";"-";"2025/26";"Bezirksklasse 26 Frauen";"weiblich";
"21.03.2026, 16:15:00";"Samstag";"56";"Spieltag 14";"SV Blau-Weiß Aasee V";"SV Blau-Weiß Aasee e.V.";"TuS Saxonia Münster IV";"TuS Saxonia Münster 1883 e.V.";"TSV Handorf";"TSV Handorf 1926/64 e.V.";"TSV Handorf";"TSV Handorf 1926/64 e.V.";"2,5fach-Sporthalle Middelfeld (48157 Münster)";"2,5fach-Sporthalle Middelfeld (48157 Münster)";"-";"2025/26";"Bezirksklasse 26 Frauen";"weiblich";
"22.03.2026, 15:00:00";"Sonntag";"53";"Spieltag 14";"TSC Gievenbeck IV";"TSC Münster-Gievenbeck e.V.";"SV Blau-Weiß Aasee VI";"SV Blau-Weiß Aasee e.V.";"SV Arminia Appelhülsen II";"SV Arminia Appelhülsen e.V.";"TSC Gievenbeck IV";"TSC Münster-Gievenbeck e.V.";"Sporthalle der Mosaikschule (48161 Münster)";"Sporthalle der Mosaikschule (48161 Münster)";"-";"2025/26";"Bezirksklasse