"Datum";"Uhrzeit";"Wochentag";"#";"ST";"Mannschaft 1";"Mannschaft 2";"Schiedsgericht";"Gastgeber";"Austragungsort/Ergebnis";"Austragungsort";"Ergebnis";"Saison";"Spielrunde";"Geschlecht";"Satzpunkte";"Ballpunkte";"Spieldauer";"Satzpunkte 1";":";"Satzpunkte 2";"Satz 1 - Ballpunkte 1";":";"Satz 1 - Ballpunkte 2";"Satz 1 - Satzdauer";"Satz 2 - Ballpunkte 1";":";"Satz 2 - Ballpunkte 2";"Satz 2 - Satzdauer";"Satz 3 - Ballpunkte 1";":";"Satz 3 - Ballpunkte 2";"Satz 3 - Satzdauer";"Satz 4 - Ballpunkte 1";":";"Satz 4 - Ballpunkte 2";"Satz 4 - Satzdauer";"Satz 5 - Ballpunkte 1";":";"Satz 5 - Ballpunkte 2";"Satz 5 - Satzdauer";
"20.09.2025";"11:00:00";"Samstag";"1";"Spieltag 1";"TuS Saxonia Münster III";"VSG Ibbenbüren";"TSC Gievenbeck III";"TuS Saxonia Münster III";"3:0 / 75:36";"Städtisches Wilhelm-Hittorf-Gymnasium (48151 Münster)";"3:0 / 75:36";"2025/26";"Bezirksliga 14 Frauen";"weiblich";"3:0";"75:36";"56";"3";":";"0";"25";":";"9";"16";"25";":";"10";"18";"25";":";"17";"22";
"20.09.2025";"12:30:00";"Samstag";"2";"Spieltag 1";"TSC Gievenbeck III";"SC DJK Everswinkel";"TuS Saxonia Münster III";"TuS Saxonia Münster III";"3:0 / 75:32";"Städtisches Wilhelm-Hittorf-Gymnasium (48151 Münster)";"3:0 / 75:32";"2025/26";"Bezirksliga 14 Frauen";"weiblich";"3:0";"75:32";"99";"3";":";"0";"25";":";"11";"60";"25";":";"11";"19";"25";":";"10";"20";
"20.09.2025";"15:00:00";"Samstag";"3";"Spieltag 1";"BSV Ostbevern II";"SG Sendenhorst II";"USC Münster IV";"BSV Ostbevern II";"3:2 / 100:95";"Beverhalle (48346 Ostbevern)";"3:2 / 100:95";"2025/26";"Bezirksliga 14 Frauen";"weiblich";"3:2";"100:95";"113";"3";":";"2";"15";":";"25";"19";"20";":";"25";"28";"25";":";"15";"21";"25";":";"18";"26";"15";":";"12";"19";
"20.09.2025";"16:30:00";"Samstag";"4";"Spieltag 1";"USC Münster IV";"SV Greven";"BSV Ostbevern II";"BSV Ostbevern II";"1:3 / 94:97";"Beverhalle (48346 Ostbevern)";"1:3 / 94:97";"2025/26";"Bezirksliga 14 Frauen";"weiblich";"1:3";"94:97";"96";"1";":";"3";"25";":";"22";"19";"23";":";"25";"26";"23";":";"25";"25";"23";":";"25";"26";
"23.09.2025";"19:00:00";"Dienstag";"8";"Spieltag 2";"SC DJK Everswinkel";"TuS Saxonia Münster III";"SV Blau-Weiß Aasee IV";"SV Blau-Weiß Aasee IV";"0:3 / 57:75";"Vitus-Sportcenter (48351 Everswinkel)";"0:3 / 57:75";"2025/26";"Bezirksliga 14 Frauen";"weiblich";"0:3";"57:75";"98";"0";":";"3";"23";":";"25";"54";"11";":";"25";"17";"23";":";"25";"27";
"04.10.2025";"14:00:00";"Samstag";"5";"Spieltag 2";"SG Sendenhorst II";"SV Greven";"VSG Ibbenbüren";"SG Sendenhorst II";"2:3 / 106:108";"Westtorhalle (48324 Sendenhorst)";"2:3 / 106:108";"2025/26";"Bezirksliga 14 Frauen";"weiblich";"2:3";"106:108";"155";"2";":";"3";"25";":";"22";"70";"16";":";"25";"19";"25";":";"17";"19";"27";":";"29";"31";"13";":";"15";"16";
"04.10.2025";"15:30:00";"Samstag";"6";"Spieltag 2";"VSG Ibbenbüren";"BSV Ostbevern II";"SG Sendenhorst II";"SG Sendenhorst II";"3:2 / 101:96";"Westtorhalle (48324 Sendenhorst)";"3:2 / 101:96";"2025/26";"Bezirksliga 14 Frauen";"weiblich";"3:2";"101:96";"88";"3";":";"2";"17";":";"25";"2";"25";":";"16";"25";"19";":";"25";"23";"25";":";"22";"24";"15";":";"8";"14";
"04.10.2025";"17:00:00";"Samstag";"7";"Spieltag 2";"SV Blau-Weiß Aasee IV";"USC Münster IV";"TuS Saxonia Münster III";"SV Blau-Weiß Aasee IV";"3:1 / 97:87";"Sporthalle der Bonhoeffer Schule (48151 Münster)";"3:1 / 97:87";"2025/26";"Bezirksliga 14 Frauen";"weiblich";"3:1";"97:87";"103";"3";":";"1";"25";":";"15";"23";"21";":";"25";"25";"26";":";"24";"28";"25";":";"23";"27";
"11.10.2025";"14:30:00";"Samstag";"9";"Spieltag 3";"TSC Gievenbeck III";"SV Blau-Weiß Aasee IV";"TuS Saxonia Münster III";"TSC Gievenbeck III";"3:2 / 92:96";"Sporthalle der Mosaikschule (48161 Münster)";"3:2 / 92:96";"2025/26";"Bezirksliga 14 Frauen";"weiblich";"3:2";"92:96";"115";"3";":";"2";"25";":";"16";"26";"15";":";"25";"25";"25";":";"19";"26";"12";":";"25";"22";"15";":";"11";"16";
"11.10.2025";"16:00:00";"Samstag";"10";"Spieltag 3";"TuS Saxonia Münster III";"SG Sendenhorst II";"TSC Gievenbeck III";"TSC Gievenbeck III";"2:3 / 105:103";"Sporthalle der Mosaikschule (48161 Münster)";"2:3 / 105:103";"2025/26";"Bezirksliga 14 Frauen";"weiblich";"2:3";"105:103";"129";"2";":";"3";"27";":";"25";"41";"25";":";"13";"19";"21";":";"25";"25";"19";":";"25";"24";"13";":";"15";"20";
"12.10.2025";"11:00:00";"Sonntag";"11";"Spieltag 3";"USC Münster IV";"SC DJK Everswinkel";"SV Greven";"USC Münster IV";"1:3 / 85:88";"Kardinal-von-Galen-Gymnasium (48165 Münster)";"1:3 / 85:88";"2025/26";"Bezirksliga 14 Frauen";"weiblich";"1:3";"85:88";"86";"1";":";"3";"23";":";"25";"21";"25";":";"13";"19";"21";":";"25";"25";"16";":";"25";"21";
"12.10.2025";"12:30:00";"Sonntag";"12";"Spieltag 3";"SV Greven";"BSV Ostbevern II";"USC Münster IV";"USC Münster IV";"3:1 / 96:76";"Kardinal-von-Galen-Gymnasium (48165 Münster)";"3:1 / 96:76";"2025/26";"Bezirksliga 14 Frauen";"weiblich";"3:1";"96:76";"152";"3";":";"1";"25";":";"18";"81";"21";":";"25";"25";"25";":";"21";"26";"25";":";"12";"20";
"13.10.2025";"20:15:00";"Montag";"14";"Spieltag 4";"SV Blau-Weiß Aasee IV";"VSG Ibbenbüren";"BSV Ostbevern II";"BSV Ostbevern II";"1:3 / 65:94";"Erich-Klausener-Schule (48151 Münster)";"1:3 / 65:94";"2025/26";"Bezirksliga 14 Frauen";"weiblich";"1:3";"65:94";"114";"1";":";"3";"25";":";"19";"42";"11";":";"25";"22";"13";":";"25";"26";"16";":";"25";"24";
"25.10.2025";"15:00:00";"Samstag";"19";"Spieltag 5";"SV Greven";"SC DJK Everswinkel";"TSC Gievenbeck III";"SV Greven";"3:1 / 94:80";"Mühlenbachhalle (48268 Greven)";"3:1 / 94:80";"2025/26";"Bezirksliga 14 Frauen";"weiblich";"3:1";"94:80";"91";"3";":";"1";"25";":";"16";"17";"19";":";"25";"27";"25";":";"19";"23";"25";":";"20";"24";
"25.10.2025";"16:30:00";"Samstag";"20";"Spieltag 5";"TSC Gievenbeck III";"VSG Ibbenbüren";"SV Greven";"SV Greven";"3:1 / 92:80";"Mühlenbachhalle (48268 Greven)";"3:1 / 92:80";"2025/26";"Bezirksliga 14 Frauen";"weiblich";"3:1";"92:80";"166";"3";":";"1";"25";":";"22";"94";"17";":";"25";"24";"25";":";"10";"19";"25";":";"23";"29";
"26.10.2025";"11:00:00";"Sonntag";"17";"Spieltag 5";"SV Blau-Weiß Aasee IV";"BSV Ostbevern II";"SG Sendenhorst II";"SV Blau-Weiß Aasee IV";"3:1 / 94:84";"Sporthalle der Bonhoeffer Schule (48151 Münster)";"3:1 / 94:84";"2025/26";"Bezirksliga 14 Frauen";"weiblich";"3:1";"94:84";"105";"3";":";"1";"25";":";"22";"25";"19";":";"25";"28";"25";":";"22";"28";"25";":";"15";"24";
"26.10.2025";"12:30:00";"Sonntag";"18";"Spieltag 5";"SG Sendenhorst II";"USC Münster IV";"SV Blau-Weiß Aasee IV";"SV Blau-Weiß Aasee IV";"0:3 / 40:75";"Sporthalle der Bonhoeffer Schule (48151 Münster)";"0:3 / 40:75";"2025/26";"Bezirksliga 14 Frauen";"weiblich";"0:3";"40:75";"138";"0";":";"3";"11";":";"25";"94";"20";":";"25";"25";"9";":";"25";"19";
"28.10.2025";"19:00:00";"Dienstag";"15";"Spieltag 4";"SC DJK Everswinkel";"SG Sendenhorst II";"SV Greven";"SC DJK Everswinkel";"1:3 / 80:93";"Westtorhalle (48324 Sendenhorst)";"1:3 / 80:93";"2025/26";"Bezirksliga 14 Frauen";"weiblich";"1:3";"80:93";"105";"1";":";"3";"25";":";"18";"34";"20";":";"25";"24";"20";":";"25";"27";"15";":";"25";"20";
"02.11.2025";"11:00:00";"Sonntag";"21";"Spieltag 6";"VSG Ibbenbüren";"USC Münster IV";"TuS Saxonia Münster III";"VSG Ibbenbüren";"3:1 / 97:81";"Anne-Frank-Schule (49477 Ibbenbüren)";"3:1 / 97:81";"2025/26";"Bezirksliga 14 Frauen";"weiblich";"3:1";"97:81";"101";"3";":";"1";"25";":";"17";"22";"22";":";"25";"28";"25";":";"19";"26";"25";":";"20";"25";
"02.11.2025";"12:30:00";"Sonntag";"22";"Spieltag 6";"TuS Saxonia Münster III";"SV Blau-Weiß Aasee IV";"VSG Ibbenbüren";"VSG Ibbenbüren";"3:0 / 75:47";"Anne-Frank-Schule (49477 Ibbenbüren)";"3:0 / 75:47";"2025/26";"Bezirksliga 14 Frauen";"weiblich";"3:0";"75:47";"69";"3";":";"0";"25";":";"19";"25";"25";":";"11";"19";"25";":";"17";"25";
"02.11.2025";"14:00:00";"Sonntag";"23";"Spieltag 6";"SG Sendenhorst II";"TSC Gievenbeck III";"BSV Ostbevern II";"SG Sendenhorst II";"3:2 / 99:95";"Westtorhalle (48324 Sendenhorst)";"3:2 / 99:95";"2025/26";"Bezirksliga 14 Frauen";"weiblich";"3:2";"99:95";"109";"3";":";"2";"15";":";"25";"19";"25";":";"13";"20";"19";":";"25";"26";"25";":";"21";"29";"15";":";"11";"15";
"02.11.2025";"15:30:00";"Sonntag";"24";"Spieltag 6";"BSV Ostbevern II";"SC DJK Everswinkel";"SG Sendenhorst II";"SG Sendenhorst II";"3:0 / 75:52";"Westtorhalle (48324 Sendenhorst)";"3:0 / 75:52";"2025/26";"Bezirksliga 14 Frauen";"weiblich";"3:0";"75:52";"168";"3";":";"0";"25";":";"9";"117";"25";":";"20";"24";"25";":";"23";"27";
"04.11.2025";"19:00:00";"Dienstag";"13";"Spieltag 4";"BSV Ostbevern II";"TSC Gievenbeck III";"SV Blau-Weiß Aasee IV";"BSV Ostbevern II";"1:3 / 83:98";"Sporthalle der Mosaikschule (48161 Münster)";"1:3 / 83:98";"2025/26";"Bezirksliga 14 Frauen";"weiblich";"1:3";"83:98";"129";"1";":";"3";"25";":";"23";"43";"20";":";"25";"27";"20";":";"25";"32";"18";":";"25";"27";
"13.11.2025";"19:00:00";"Donnerstag";"30";"Spieltag 8";"SG Sendenhorst II";"VSG Ibbenbüren";"SV Greven";"SV Greven";"1:3 / 83:94";"Westtorhalle (48324 Sendenhorst)";"1:3 / 83:94";"2025/26";"Bezirksliga 14 Frauen";"weiblich";"1:3";"83:94";"153";"1";":";"3";"25";":";"19";"76";"15";":";"25";"22";"23";":";"25";"28";"20";":";"25";"27";
"16.11.2025";"13:00:00";"Sonntag";"27";"Spieltag 7";"USC Münster IV";"TuS Saxonia Münster III";"TSC Gievenbeck III";"USC Münster IV";"3:1 / 95:81";"Kardinal-von-Galen-Gymnasium (48165 Münster)";"3:1 / 95:81";"2025/26";"Bezirksliga 14 Frauen";"weiblich";"3:1";"95:81";"104";"3";":";"1";"20";":";"25";"23";"25";":";"22";"29";"25";":";"13";"21";"25";":";"21";"31";
"16.11.2025";"14:30:00";"Sonntag";"28";"Spieltag 7";"TSC Gievenbeck III";"SV Greven";"USC Münster IV";"USC Münster IV";"0:3 / 69:76";"Kardinal-von-Galen-Gymnasium (48165 Münster)";"0:3 / 69:76";"2025/26";"Bezirksliga 14 Frauen";"weiblich";"0:3";"69:76";"77";"0";":";"3";"23";":";"25";"24";"22";":";"25";"26";"24";":";"26";"27";
"16.11.2025";"15:00:00";"Sonntag";"25";"Spieltag 7";"SC DJK Everswinkel";"VSG Ibbenbüren";"SV Blau-Weiß Aasee IV";"SC DJK Everswinkel";"1:3 / 82:95";"Vitus-Sportcenter (48351 Everswinkel)";"1:3 / 82:95";"2025/26";"Bezirksliga 14 Frauen";"weiblich";"1:3";"82:95";"98";"1";":";"3";"15";":";"25";"21";"25";":";"20";"27";"21";":";"25";"26";"21";":";"25";"24";
"16.11.2025";"16:30:00";"Sonntag";"26";"Spieltag 7";"SV Blau-Weiß Aasee IV";"SG Sendenhorst II";"SC DJK Everswinkel";"SC DJK Everswinkel";"2:3 / 103:100";"Vitus-Sportcenter (48351 Everswinkel)";"2:3 / 103:100";"2025/26";"Bezirksliga 14 Frauen";"weiblich";"2:3";"103:100";"118";"2";":";"3";"25";":";"16";"21";"25";":";"17";"23";"18";":";"25";"25";"20";":";"25";"30";"15";":";"17";"19";
"20.11.2025";"19:00:00";"Donnerstag";"32";"Spieltag 8";"USC Münster IV";"TSC Gievenbeck III";"TuS Saxonia Münster III";"TuS Saxonia Münster III";"1:3 / 90:105";"Kardinal-von-Galen-Gymnasium (48165 Münster)";"1:3 / 90:105";"2025/26";"Bezirksliga 14 Frauen";"weiblich";"1:3";"90:105";"113";"1";":";"3";"28";":";"26";"29";"21";":";"25";"26";"14";":";"25";"23";"27";":";"29";"35";
"22.11.2025";"15:00:00";"Samstag";"29";"Spieltag 8";"SV Greven";"SV Blau-Weiß Aasee IV";"SG Sendenhorst II";"SV Greven";"3:1 / 96:87";"Mühlenbachhalle (48268 Greven)";"3:1 / 96:87";"2025/26";"Bezirksliga 14 Frauen";"weiblich";"3:1";"96:87";"96";"3";":";"1";"21";":";"25";"20";"25";":";"23";"27";"25";":";"22";"26";"25";":";"17";"23";
"26.11.2025";"20:00:00";"Mittwoch";"16";"Spieltag 4";"SV Greven";"TuS Saxonia Münster III";"SV Greven";"SC DJK Everswinkel";"3:1 / 96:74";"Mühlenbachhalle (48268 Greven)";"3:1 / 96:74";"2025/26";"Bezirksliga 14 Frauen";"weiblich";"3:1";"96:74";"82";"3";":";"1";"20";":";"25";"17";"25";":";"16";"21";"26";":";"24";"28";"25";":";"9";"16";
"07.12.2025";"11:00:00";"Sonntag";"35";"Spieltag 9";"VSG Ibbenbüren";"SV Greven";"BSV Ostbevern II";"VSG Ibbenbüren";"3:0 / 75:54";"Anne-Frank-Schule (49477 Ibbenbüren)";"3:0 / 75:54";"2025/26";"Bezirksliga 14 Frauen";"weiblich";"3:0";"75:54";"69";"3";":";"0";"25";":";"18";"20";"25";":";"21";"26";"25";":";"15";"23";
"07.12.2025";"12:30:00";"Sonntag";"36";"Spieltag 9";"BSV Ostbevern II";"USC Münster IV";"VSG Ibbenbüren";"VSG Ibbenbüren";"0:3 / 57:75";"Anne-Frank-Schule (49477 Ibbenbüren)";"0:3 / 57:75";"2025/26";"Bezirksliga 14 Frauen";"weiblich";"0:3";"57:75";"119";"0";":";"3";"19";":";"25";"66";"23";":";"25";"30";"15";":";"25";"23";
"07.12.2025";"14:00:00";"Sonntag";"33";"Spieltag 9";"TSC Gievenbeck III";"TuS Saxonia Münster III";"SV Blau-Weiß Aasee IV";"TSC Gievenbeck III";"3:1 / 94:81";"Sporthalle der Mosaikschule (48161 Münster)";"3:1 / 94:81";"2025/26";"Bezirksliga 14 Frauen";"weiblich";"3:1";"94:81";"115";"3";":";"1";"19";":";"25";"37";"25";":";"23";"25";"25";":";"18";"26";"25";":";"15";"27";
"07.12.2025";"15:30:00";"Sonntag";"34";"Spieltag 9";"SV Blau-Weiß Aasee IV";"SC DJK Everswinkel";"TSC Gievenbeck III";"TSC Gievenbeck III";"Sporthalle der Mosaikschule (48161 Münster)";"Sporthalle der Mosaikschule (48161 Münster)";"-";"2025/26";"Bezirksliga 14 Frauen";"weiblich";
"20.12.2025";"14:00:00";"Samstag";"39";"Spieltag 10";"SG Sendenhorst II";"BSV Ostbevern II";"SV Greven";"SG Sendenhorst II";"Westtorhalle (48324 Sendenhorst)";"Westtorhalle (48324 Sendenhorst)";"-";"2025/26";"Bezirksliga 14 Frauen";"weiblich";
"20.12.2025";"14:30:00";"Samstag";"37";"Spieltag 10";"VSG Ibbenbüren";"TuS Saxonia Münster III";"SC DJK Everswinkel";"VSG Ibbenbüren";"Anne-Frank-Schule (49477 Ibbenbüren)";"Anne-Frank-Schule (49477 Ibbenbüren)";"-";"2025/26";"Bezirksliga 14 Frauen";"weiblich";
"20.12.2025";"15:30:00";"Samstag";"40";"Spieltag 10";"SV Greven";"USC Münster IV";"SG Sendenhorst II";"SG Sendenhorst II";"Westtorhalle (48324 Sendenhorst)";"Westtorhalle (48324 Sendenhorst)";"-";"2025/26";"Bezirksliga 14 Frauen";"weiblich";
"20.12.2025";"16:00:00";"Samstag";"38";"Spieltag 10";"SC DJK Everswinkel";"TSC Gievenbeck III";"VSG Ibbenbüren";"VSG Ibbenbüren";"Anne-Frank-Schule (49477 Ibbenbüren)";"Anne-Frank-Schule (49477 Ibbenbüren)";"-";"2025/26";"Bezirksliga 14 Frauen";"weiblich";
"10.01.2026";"15:00:00";"Samstag";"41";"Spieltag 11";"SV Greven";"SG Sendenhorst II";"BSV Ostbevern II";"SV Greven";"Mühlenbachhalle (48268 Greven)";"Mühlenbachhalle (48268 Greven)";"-";"2025/26";"Bezirksliga 14 Frauen";"weiblich";
"10.01.2026";"15:00:00";"Samstag";"43";"Spieltag 11";"USC Münster IV";"SV Blau-Weiß Aasee IV";"TuS Saxonia Münster III";"USC Münster IV";"Kardinal-von-Galen-Gymnasium (48165 Münster)";"Kardinal-von-Galen-Gymnasium (48165 Münster)";"-";"2025/26";"Bezirksliga 14 Frauen";"weiblich";
"10.01.2026";"16:30:00";"Samstag";"42";"Spieltag 11";"BSV Ostbevern II";"VSG Ibbenbüren";"SV Greven";"SV Greven";"Mühlenbachhalle (48268 Greven)";"Mühlenbachhalle (48268 Greven)";"-";"2025/26";"Bezirksliga 14 Frauen";"weiblich";
"10.01.2026";"16:30:00";"Samstag";"44";"Spieltag 11";"TuS Saxonia Münster III";"SC DJK Everswinkel";"USC Münster IV";"USC Münster IV";"Kardinal-von-Galen-Gymnasium (48165 Münster)";"Kardinal-von-Galen-Gymnasium (48165 Münster)";"-";"2025/26";"Bezirksliga 14 Frauen";"weiblich";
"16.01.2026";"18:30:00";"Freitag";"31";"Spieltag 8";"TuS Saxonia Münster III";"BSV Ostbevern II";"USC Münster IV";"TuS Saxonia Münster III";"Mathilde-Anneke-Gesamtschule (48145 Münster)";"Mathilde-Anneke-Gesamtschule (48145 Münster)";"-";"2025/26";"Bezirksliga 14 Frauen";"weiblich";
"18.01.2026";"11:00:00";"Sonntag";"45";"Spieltag 12";"SV Blau-Weiß Aasee IV";"TSC Gievenbeck III";"SG Sendenhorst II";"SV Blau-Weiß Aasee IV";"Sporthalle der Bonhoeffer Schule (48151 Münster)";"Sporthalle der Bonhoeffer Schule (48151 Münster)";"-";"2025/26";"Bezirksliga 14 Frauen";"weiblich";
"18.01.2026";"12:30:00";"Sonntag";"46";"Spieltag 12";"SG Sendenhorst II";"TuS Saxonia Münster III";"SV Blau-Weiß Aasee IV";"SV Blau-Weiß Aasee IV";"Sporthalle der Bonhoeffer Schule (48151 Münster)";"Sporthalle der Bonhoeffer Schule (48151 Münster)";"-";"2025/26";"Bezirksliga 14 Frauen";"weiblich";
"18.01.2026";"15:00:00";"Sonntag";"47";"Spieltag 12";"SC DJK Everswinkel";"USC Münster IV";"BSV Ostbevern II";"SC DJK Everswinkel";"Vitus-Sportcenter (48351 Everswinkel)";"Vitus-Sportcenter (48351 Everswinkel)";"-";"2025/26";"Bezirksliga 14 Frauen";"weiblich";
"18.01.2026";"16:30:00";"Sonntag";"48";"Spieltag 12";"BSV Ostbevern II";"SV Greven";"SC DJK Everswinkel";"SC DJK Everswinkel";"Vitus-Sportcenter (48351 Everswinkel)";"Vitus-Sportcenter (48351 Everswinkel)";"-";"2025/26";"Bezirksliga 14 Frauen";"weiblich";
"24.01.2026";"14:00:00";"Samstag";"51";"Spieltag 13";"SG Sendenhorst II";"SC DJK Everswinkel";"TuS Saxonia Münster III";"SG Sendenhorst II";"Westtorhalle (48324 Sendenhorst)";"Westtorhalle (48324 Sendenhorst)";"-";"2025/26";"Bezirksliga 14 Frauen";"weiblich";
"24.01.2026";"15:00:00";"Samstag";"49";"Spieltag 13";"TSC Gievenbeck III";"BSV Ostbevern II";"VSG Ibbenbüren";"TSC Gievenbeck III";"Sporthalle der Mosaikschule (48161 Münster)";"Sporthalle der Mosaikschule (48161 Münster)";"-";"2025/26";"Bezirksliga 14 Frauen";"weiblich";
"24.01.2026";"15:30:00";"Samstag";"52";"Spieltag 13";"TuS Saxonia Münster III";"SV Greven";"SG Sendenhorst II";"SG Sendenhorst II";"Westtorhalle (48324 Sendenhorst)";"Westtorhalle (48324 Sendenhorst)";"-";"2025/26";"Bezirksliga 14 Frauen";"weiblich";
"24.01.2026";"16:30:00";"Samstag";"50";"Spieltag 13";"VSG Ibbenbüren";"SV Blau-Weiß Aasee IV";"TSC Gievenbeck III";"TSC Gievenbeck III";"Sporthalle der Mosaikschule (48161 Münster)";"Sporthalle der Mosaikschule (48161 Münster)";"-";"2025/26";"Bezirksliga 14 Frauen";"weiblich";
"01.02.2026";"11:00:00";"Sonntag";"53";"Spieltag 14";"BSV Ostbevern II";"SV Blau-Weiß Aasee IV";"USC Münster IV";"BSV Ostbevern II";"Beverhalle (48346 Ostbevern)";"Beverhalle (48346 Ostbevern)";"-";"2025/26";"Bezirksliga 14 Frauen";"weiblich";
"01.02.2026";"12:30:00";"Sonntag";"54";"Spieltag 14";"USC Münster IV";"SG Sendenhorst II";"BSV Ostbevern II";"BSV Ostbevern II";"Beverhalle (48346 Ostbevern)";"Beverhalle (48346 Ostbevern)";"-";"2025/26";"Bezirksliga 14 Frauen";"weiblich";
"01.02.2026";"15:00:00";"Sonntag";"55";"Spieltag 14";"SC DJK Everswinkel";"SV Greven";"VSG Ibbenbüren";"SC DJK Everswinkel";"Vitus-Sportcenter (48351 Everswinkel)";"Vitus-Sportcenter (48351 Everswinkel)";"-";"2025/26";"Bezirksliga 14 Frauen";"weiblich";
"01.02.2026";"16:30:00";"Sonntag";"56";"Spieltag 14";"VSG Ibbenbüren";"TSC Gievenbeck III";"SC DJK Everswinkel";"SC DJK Everswinkel";"Vitus-Sportcenter (48351 Everswinkel)";"Vitus-Sportcenter (48351 Everswinkel)";"-";"2025/26";"Bezirksliga 14 Frauen";"weiblich";
"14.02.2026";"14:30:00";"Samstag";"59";"Spieltag 15";"TSC Gievenbeck III";"SG Sendenhorst II";"SC DJK Everswinkel";"TSC Gievenbeck III";"Sporthalle der Mosaikschule (48161 Münster)";"Sporthalle der Mosaikschule (48161 Münster)";"-";"2025/26";"Bezirksliga 14 Frauen";"weiblich";
"14.02.2026";"16:00:00";"Samstag";"60";"Spieltag 15";"SC DJK Everswinkel";"BSV Ostbevern II";"TSC Gievenbeck III";"TSC Gievenbeck III";"Sporthalle der Mosaikschule (48161 Münster)";"Sporthalle der Mosaikschule (48161 Münster)";"-";"2025/26";"Bezirksliga 14 Frauen";"weiblich";
"15.02.2026";"11:00:00";"Sonntag";"57";"Spieltag 15";"USC Münster IV";"VSG Ibbenbüren";"SV Blau-Weiß Aasee IV";"USC Münster IV";"Kardinal-von-Galen-Gymnasium (48165 Münster)";"Kardinal-von-Galen-Gymnasium (48165 Münster)";"-";"2025/26";"Bezirksliga 14 Frauen";"weiblich";
"15.02.2026";"12:30:00";"Sonntag";"58";"Spieltag 15";"SV Blau-Weiß Aasee IV";"TuS Saxonia Münster III";"USC Münster IV";"USC Münster IV";"Kardinal-von-Galen-Gymnasium (48165 Münster)";"Kardinal-von-Galen-Gymnasium (48165 Münster)";"-";"2025/26";"Bezirksliga 14 Frauen";"weiblich";
"21.02.2026";"12:00:00";"Samstag";"63";"Spieltag 16";"TuS Saxonia Münster III";"USC Münster IV";"SV Greven";"TuS Saxonia Münster III";"Städtisches Wilhelm-Hittorf-Gymnasium (48151 Münster)";"Städtisches Wilhelm-Hittorf-Gymnasium (48151 Münster)";"-";"2025/26";"Bezirksliga 14 Frauen";"weiblich";
"21.02.2026";"13:30:00";"Samstag";"64";"Spieltag 16";"SV Greven";"TSC Gievenbeck III";"TuS Saxonia Münster III";"TuS Saxonia Münster III";"Städtisches Wilhelm-Hittorf-Gymnasium (48151 Münster)";"Städtisches Wilhelm-Hittorf-Gymnasium (48151 Münster)";"-";"2025/26";"Bezirksliga 14 Frauen";"weiblich";
"21.02.2026";"14:30:00";"Samstag";"61";"Spieltag 16";"VSG Ibbenbüren";"SC DJK Everswinkel";"SG Sendenhorst II";"VSG Ibbenbüren";"Anne-Frank-Schule (49477 Ibbenbüren)";"Anne-Frank-Schule (49477 Ibbenbüren)";"-";"2025/26";"Bezirksliga 14 Frauen";"weiblich";
"21.02.2026";"16:00:00";"Samstag";"62";"Spieltag 16";"SG Sendenhorst II";"SV Blau-Weiß Aasee IV";"VSG Ibbenbüren";"VSG Ibbenbüren";"Anne-Frank-Schule (49477 Ibbenbüren)";"Anne-Frank-Schule (49477 Ibbenbüren)";"-";"2025/26";"Bezirksliga 14 Frauen";"weiblich";
"07.03.2026";"15:00:00";"Samstag";"67";"Spieltag 17";"BSV Ostbevern II";"TuS Saxonia Münster III";"TSC Gievenbeck III";"BSV Ostbevern II";"Beverhalle (48346 Ostbevern)";"Beverhalle (48346 Ostbevern)";"-";"2025/26";"Bezirksliga 14 Frauen";"weiblich";
"07.03.2026";"16:30:00";"Samstag";"68";"Spieltag 17";"TSC Gievenbeck III";"USC Münster IV";"BSV Ostbevern II";"BSV Ostbevern II";"Beverhalle (48346 Ostbevern)";"Beverhalle (48346 Ostbevern)";"-";"2025/26";"Bezirksliga 14 Frauen";"weiblich";
"08.03.2026";"11:00:00";"Sonntag";"65";"Spieltag 17";"SV Blau-Weiß Aasee IV";"SV Greven";"VSG Ibbenbüren";"SV Blau-Weiß Aasee IV";"Sporthalle der Bonhoeffer Schule (48151 Münster)";"Sporthalle der Bonhoeffer Schule (48151 Münster)";"-";"2025/26";"Bezirksliga 14 Frauen";"weiblich";
"08.03.2026";"12:30:00";"Sonntag";"66";"Spieltag 17";"VSG Ibbenbüren";"SG Sendenhorst II";"SV Blau-Weiß Aasee IV";"SV Blau-Weiß Aasee IV";"Sporthalle der Bonhoeffer Schule (48151 Münster)";"Sporthalle der Bonhoeffer Schule (48151 Münster)";"-";"2025/26";"Bezirksliga 14 Frauen";"weiblich";
"21.03.2026";"12:00:00";"Samstag";"69";"Spieltag 18";"TuS Saxonia Münster III";"TSC Gievenbeck III";"SC DJK Everswinkel";"TuS Saxonia Münster III";"Städtisches Wilhelm-Hittorf-Gymnasium (48151 Münster)";"Städtisches Wilhelm-Hittorf-Gymnasium (48151 Münster)";"-";"2025/26";"Bezirksliga 14 Frauen";"weiblich";
"21.03.2026";"13:30:00";"Samstag";"70";"Spieltag 18";"SC DJK Everswinkel";"SV Blau-Weiß Aasee IV";"TuS Saxonia Münster III";"TuS Saxonia Münster III";"Städtisches Wilhelm-Hittorf-Gymnasium (48151 Münster)";"Städtisches Wilhelm-Hittorf-Gymnasium (48151 Münster)";"-";"2025/26";"Bezirksliga 14 Frauen";"weiblich";
"21.03.2026";"15:00:00";"Samstag";"71";"Spieltag 18";"SV Greven";"VSG Ibbenbüren";"USC Münster IV";"SV Greven";"Mühlenbachhalle (48268 Greven)";"Mühlenbachhalle (48268 Greven)";"-";"2025/26";"Bezirksliga 14 Frauen";"weiblich";
"21.03.2026";"16:30:00";"Samstag";"72";"Spieltag 18";"USC Münster IV";"BSV Ostbevern II";"SV Greven";"SV Greven";"Mühlenbachhalle (48268 Greven)";"Mühlenbachhalle (48268 Greven)";"-";"2025/26";"Bezirksliga 14 Frauen";"weiblich";
