"Datum";"Uhrzeit";"Wochentag";"#";"ST";"Mannschaft 1";"Mannschaft 2";"Schiedsgericht";"Gastgeber";"Austragungsort/Ergebnis";"Austragungsort";"Ergebnis";"Saison";"Spielrunde";"Geschlecht";"Satzpunkte";"Ballpunkte";"Spieldauer";"Satzpunkte 1";":";"Satzpunkte 2";"Satz 1 - Ballpunkte 1";":";"Satz 1 - Ballpunkte 2";"Satz 1 - Satzdauer";"Satz 2 - Ballpunkte 1";":";"Satz 2 - Ballpunkte 2";"Satz 2 - Satzdauer";"Satz 3 - Ballpunkte 1";":";"Satz 3 - Ballpunkte 2";"Satz 3 - Satzdauer";
"27.09.2025";"11:00:00";"Samstag";"1";"Spieltag 1";"VoR Paderborn II";"VoR Paderborn";"SV Ems Westbevern";"VoR Paderborn II";"0:2 / 30:50";"Fürstenberg Halle (33102 Paderborn)";"0:2 / 30:50";"2025/26";"Oberliga 6 wU13";"weiblich";"0:2";"30:50";"31";"0";":";"2";"20";":";"25";"16";"10";":";"25";"15";
"27.09.2025";"12:15:00";"Samstag";"2";"Spieltag 1";"VoR Paderborn";"SV Ems Westbevern";"VoR Paderborn II";"VoR Paderborn II";"1:2 / 55:64";"Fürstenberg Halle (33102 Paderborn)";"1:2 / 55:64";"2025/26";"Oberliga 6 wU13";"weiblich";"1:2";"55:64";"68";"1";":";"2";"26";":";"24";"38";"17";":";"25";"19";"12";":";"15";"11";
"27.09.2025";"13:30:00";"Samstag";"3";"Spieltag 1";"SV Ems Westbevern";"VoR Paderborn II";"VoR Paderborn";"VoR Paderborn II";"2:0 / 50:41";"Fürstenberg Halle (33102 Paderborn)";"2:0 / 50:41";"2025/26";"Oberliga 6 wU13";"weiblich";"2:0";"50:41";"59";"2";":";"0";"25";":";"19";"40";"25";":";"22";"19";
"27.09.2025";"14:00:00";"Samstag";"4";"Spieltag 1";"Telekom Post SV Bielefeld II";"Telekom Post SV Bielefeld";"USC Münster";"Telekom Post SV Bielefeld II";"2:1 / 50:46";"Almhalle 4 (33615 Bielefeld)";"2:1 / 50:46";"2025/26";"Oberliga 6 wU13";"weiblich";"2:1";"50:46";"33";"2";":";"1";"10";":";"25";"9";"25";":";"12";"13";"15";":";"9";"11";
"27.09.2025";"15:15:00";"Samstag";"5";"Spieltag 1";"USC Münster";"Telekom Post SV Bielefeld";"SC GW Paderborn";"Telekom Post SV Bielefeld II";"2:0 / 50:34";"Almhalle 4 (33615 Bielefeld)";"2:0 / 50:34";"2025/26";"Oberliga 6 wU13";"weiblich";"2:0";"50:34";"51";"2";":";"0";"25";":";"17";"32";"25";":";"17";"19";
"27.09.2025";"16:30:00";"Samstag";"6";"Spieltag 1";"Telekom Post SV Bielefeld II";"SC GW Paderborn";"Telekom Post SV Bielefeld";"Telekom Post SV Bielefeld II";"0:2 / 31:50";"Almhalle 4 (33615 Bielefeld)";"0:2 / 31:50";"2025/26";"Oberliga 6 wU13";"weiblich";"0:2";"31:50";"46";"0";":";"2";"15";":";"25";"29";"16";":";"25";"17";
"27.09.2025";"17:45:00";"Samstag";"7";"Spieltag 1";"USC Münster";"SC GW Paderborn";"Telekom Post SV Bielefeld II";"Telekom Post SV Bielefeld II";"2:0 / 50:31";"Almhalle 4 (33615 Bielefeld)";"2:0 / 50:31";"2025/26";"Oberliga 6 wU13";"weiblich";"2:0";"50:31";"38";"2";":";"0";"25";":";"14";"20";"25";":";"17";"18";
"05.10.2025";"11:00:00";"Sonntag";"8";"Spieltag 2";"USC Münster";"VoR Paderborn II";"Telekom Post SV Bielefeld II";"USC Münster";"2:0 / 50:33";"Kardinal-von-Galen-Gymnasium (48165 Münster)";"2:0 / 50:33";"2025/26";"Oberliga 6 wU13";"weiblich";"2:0";"50:33";"35";"2";":";"0";"25";":";"17";"16";"25";":";"16";"19";
"05.10.2025";"11:00:00";"Sonntag";"11";"Spieltag 2";"SC GW Paderborn";"SV Ems Westbevern";"Telekom Post SV Bielefeld";"SC GW Paderborn";"0:2 / 23:50";"Riemeke-Sporthalle (33102 Paderborn)";"0:2 / 23:50";"2025/26";"Oberliga 6 wU13";"weiblich";"0:2";"23:50";"31";"0";":";"2";"5";":";"25";"16";"18";":";"25";"15";
"05.10.2025";"12:15:00";"Sonntag";"9";"Spieltag 2";"VoR Paderborn II";"Telekom Post SV Bielefeld II";"USC Münster";"USC Münster";"2:0 / 50:29";"Kardinal-von-Galen-Gymnasium (48165 Münster)";"2:0 / 50:29";"2025/26";"Oberliga 6 wU13";"weiblich";"2:0";"50:29";"27";"2";":";"0";"25";":";"16";"13";"25";":";"13";"14";
"05.10.2025";"12:15:00";"Sonntag";"12";"Spieltag 2";"Telekom Post SV Bielefeld";"SV Ems Westbevern";"VoR Paderborn";"SC GW Paderborn";"0:2 / 30:50";"Riemeke-Sporthalle (33102 Paderborn)";"0:2 / 30:50";"2025/26";"Oberliga 6 wU13";"weiblich";"0:2";"30:50";"32";"0";":";"2";"7";":";"25";"15";"23";":";"25";"17";
"05.10.2025";"13:30:00";"Sonntag";"10";"Spieltag 2";"Telekom Post SV Bielefeld II";"USC Münster";"VoR Paderborn II";"USC Münster";"0:2 / 19:50";"Kardinal-von-Galen-Gymnasium (48165 Münster)";"0:2 / 19:50";"2025/26";"Oberliga 6 wU13";"weiblich";"0:2";"19:50";"14";"0";":";"2";"13";":";"25";"3";"6";":";"25";"11";
"05.10.2025";"13:30:00";"Sonntag";"13";"Spieltag 2";"SC GW Paderborn";"VoR Paderborn";"SV Ems Westbevern";"SC GW Paderborn";"2:1 / 59:58";"Riemeke-Sporthalle (33102 Paderborn)";"2:1 / 59:58";"2025/26";"Oberliga 6 wU13";"weiblich";"2:1";"59:58";"44";"2";":";"1";"19";":";"25";"14";"25";":";"20";"18";"15";":";"13";"12";
"05.10.2025";"14:45:00";"Sonntag";"14";"Spieltag 2";"Telekom Post SV Bielefeld";"VoR Paderborn";"SC GW Paderborn";"SC GW Paderborn";"1:2 / 47:62";"Riemeke-Sporthalle (33102 Paderborn)";"1:2 / 47:62";"2025/26";"Oberliga 6 wU13";"weiblich";"1:2";"47:62";"53";"1";":";"2";"25";":";"22";"28";"14";":";"25";"16";"8";":";"15";"9";
"08.11.2025";"11:00:00";"Samstag";"18";"Spieltag 3";"SV Ems Westbevern";"Telekom Post SV Bielefeld II";"VoR Paderborn";"SV Ems Westbevern";"2:0 / 50:22";"St.-Christophorus-Schule (48291 Telgte)";"2:0 / 50:22";"2025/26";"Oberliga 6 wU13";"weiblich";"2:0";"50:22";"30";"2";":";"0";"25";":";"11";"14";"25";":";"11";"16";
"08.11.2025";"12:15:00";"Samstag";"19";"Spieltag 3";"VoR Paderborn";"Telekom Post SV Bielefeld II";"USC Münster";"SV Ems Westbevern";"2:0 / 50:29";"St.-Christophorus-Schule (48291 Telgte)";"2:0 / 50:29";"2025/26";"Oberliga 6 wU13";"weiblich";"2:0";"50:29";"29";"2";":";"0";"25";":";"8";"13";"25";":";"21";"16";
"08.11.2025";"13:30:00";"Samstag";"20";"Spieltag 3";"SV Ems Westbevern";"USC Münster";"Telekom Post SV Bielefeld II";"SV Ems Westbevern";"1:2 / 55:55";"St.-Christophorus-Schule (48291 Telgte)";"1:2 / 55:55";"2025/26";"Oberliga 6 wU13";"weiblich";"1:2";"55:55";"46";"1";":";"2";"25";":";"15";"8";"21";":";"25";"25";"9";":";"15";"13";
"08.11.2025";"14:00:00";"Samstag";"15";"Spieltag 3";"Telekom Post SV Bielefeld";"SC GW Paderborn";"VoR Paderborn II";"Telekom Post SV Bielefeld";"2:0 / 50:24";"Almhalle 1 (33615 Bielefeld)";"2:0 / 50:24";"2025/26";"Oberliga 6 wU13";"weiblich";"2:0";"50:24";"37";"2";":";"0";"25";":";"11";"23";"25";":";"13";"14";
"08.11.2025";"14:45:00";"Samstag";"21";"Spieltag 3";"VoR Paderborn";"USC Münster";"SV Ems Westbevern";"SV Ems Westbevern";"2:0 / 50:24";"St.-Christophorus-Schule (48291 Telgte)";"2:0 / 50:24";"2025/26";"Oberliga 6 wU13";"weiblich";"2:0";"50:24";"42";"2";":";"0";"25";":";"9";"26";"25";":";"15";"16";
"08.11.2025";"15:15:00";"Samstag";"16";"Spieltag 3";"SC GW Paderborn";"VoR Paderborn II";"Telekom Post SV Bielefeld";"Telekom Post SV Bielefeld";"2:0 / 53:42";"Almhalle 1 (33615 Bielefeld)";"2:0 / 53:42";"2025/26";"Oberliga 6 wU13";"weiblich";"2:0";"53:42";"43";"2";":";"0";"28";":";"26";"24";"25";":";"16";"19";
"08.11.2025";"16:30:00";"Samstag";"17";"Spieltag 3";"VoR Paderborn II";"Telekom Post SV Bielefeld";"SC GW Paderborn";"Telekom Post SV Bielefeld";"0:2 / 28:50";"Almhalle 1 (33615 Bielefeld)";"0:2 / 28:50";"2025/26";"Oberliga 6 wU13";"weiblich";"0:2";"28:50";"41";"0";":";"2";"13";":";"25";"23";"15";":";"25";"18";
"29.11.2025";"14:00:00";"Samstag";"25";"Spieltag 4";"Telekom Post SV Bielefeld";"Telekom Post SV Bielefeld II";"SV Ems Westbevern";"Telekom Post SV Bielefeld";"2:0 / 50:28";"Almhalle 1 (33615 Bielefeld)";"2:0 / 50:28";"2025/26";"Oberliga 6 wU13";"weiblich";"2:0";"50:28";"27";"2";":";"0";"25";":";"15";"14";"25";":";"13";"13";
"29.11.2025";"15:00:00";"Samstag";"22";"Spieltag 4";"VoR Paderborn";"VoR Paderborn II";"USC Münster";"VoR Paderborn";"2:0 / 50:26";"Fürstenberg Halle (33102 Paderborn)";"2:0 / 50:26";"2025/26";"Oberliga 6 wU13";"weiblich";"2:0";"50:26";"28";"2";":";"0";"25";":";"14";"14";"25";":";"12";"14";
"29.11.2025";"15:15:00";"Samstag";"26";"Spieltag 4";"SV Ems Westbevern";"Telekom Post SV Bielefeld II";"SC GW Paderborn";"Telekom Post SV Bielefeld";"2:0 / 50:16";"Almhalle 1 (33615 Bielefeld)";"2:0 / 50:16";"2025/26";"Oberliga 6 wU13";"weiblich";"2:0";"50:16";"14";"2";":";"0";"25";":";"10";"2";"25";":";"6";"12";
"29.11.2025";"16:15:00";"Samstag";"23";"Spieltag 4";"VoR Paderborn II";"USC Münster";"VoR Paderborn";"VoR Paderborn";"1:2 / 52:63";"Fürstenberg Halle (33102 Paderborn)";"1:2 / 52:63";"2025/26";"Oberliga 6 wU13";"weiblich";"1:2";"52:63";"44";"1";":";"2";"25";":";"23";"16";"18";":";"25";"17";"9";":";"15";"11";
"29.11.2025";"16:30:00";"Samstag";"27";"Spieltag 4";"Telekom Post SV Bielefeld";"SC GW Paderborn";"Telekom Post SV Bielefeld II";"Telekom Post SV Bielefeld";"2:0 / 50:34";"Almhalle 1 (33615 Bielefeld)";"2:0 / 50:34";"2025/26";"Oberliga 6 wU13";"weiblich";"2:0";"50:34";"21";"2";":";"0";"25";":";"18";"5";"25";":";"16";"16";
"29.11.2025";"17:30:00";"Samstag";"24";"Spieltag 4";"USC Münster";"VoR Paderborn";"VoR Paderborn II";"VoR Paderborn";"2:0 / 50:43";"Fürstenberg Halle (33102 Paderborn)";"2:0 / 50:43";"2025/26";"Oberliga 6 wU13";"weiblich";"2:0";"50:43";"42";"2";":";"0";"25";":";"20";"20";"25";":";"23";"22";
"29.11.2025";"17:45:00";"Samstag";"28";"Spieltag 4";"SV Ems Westbevern";"SC GW Paderborn";"Telekom Post SV Bielefeld";"Telekom Post SV Bielefeld";"2:0 / 50:23";"Almhalle 1 (33615 Bielefeld)";"2:0 / 50:23";"2025/26";"Oberliga 6 wU13";"weiblich";"2:0";"50:23";"15";"2";":";"0";"25";":";"14";"0";"25";":";"9";"15";
"13.12.2025";"11:00:00";"Samstag";"29";"Spieltag 5";"SV Ems Westbevern";"VoR Paderborn";"Telekom Post SV Bielefeld";"SV Ems Westbevern";"1:2 / 62:59";"St.-Christophorus-Schule (48291 Telgte)";"1:2 / 62:59";"2025/26";"Oberliga 6 wU13";"weiblich";"1:2";"62:59";"43";"1";":";"2";"25";":";"27";"15";"25";":";"17";"17";"12";":";"15";"11";
"13.12.2025";"11:00:00";"Samstag";"32";"Spieltag 5";"Telekom Post SV Bielefeld II";"VoR Paderborn II";"SC GW Paderborn";"Telekom Post SV Bielefeld II";"1:2 / 51:57";"Carl Severing-Berufskolleg (Halle 2) (33607 Bielefeld)";"1:2 / 51:57";"2025/26";"Oberliga 6 wU13";"weiblich";"1:2";"51:57";"38";"1";":";"2";"25";":";"17";"15";"22";":";"25";"16";"4";":";"15";"7";
"13.12.2025";"12:15:00";"Samstag";"30";"Spieltag 5";"VoR Paderborn";"Telekom Post SV Bielefeld";"SV Ems Westbevern";"SV Ems Westbevern";"St.-Christophorus-Schule (48291 Telgte)";"St.-Christophorus-Schule (48291 Telgte)";"-";"2025/26";"Oberliga 6 wU13";"weiblich";
"13.12.2025";"12:15:00";"Samstag";"33";"Spieltag 5";"SC GW Paderborn";"VoR Paderborn II";"USC Münster";"Telekom Post SV Bielefeld II";"0:2 / 45:53";"Carl Severing-Berufskolleg (Halle 2) (33607 Bielefeld)";"0:2 / 45:53";"2025/26";"Oberliga 6 wU13";"weiblich";"0:2";"45:53";"34";"0";":";"2";"19";":";"25";"14";"26";":";"28";"20";
"13.12.2025";"13:30:00";"Samstag";"31";"Spieltag 5";"Telekom Post SV Bielefeld";"SV Ems Westbevern";"VoR Paderborn";"SV Ems Westbevern";"St.-Christophorus-Schule (48291 Telgte)";"St.-Christophorus-Schule (48291 Telgte)";"-";"2025/26";"Oberliga 6 wU13";"weiblich";
"13.12.2025";"13:30:00";"Samstag";"34";"Spieltag 5";"Telekom Post SV Bielefeld II";"USC Münster";"VoR Paderborn II";"Telekom Post SV Bielefeld II";"0:2 / 17:50";"Carl Severing-Berufskolleg (Halle 2) (33607 Bielefeld)";"0:2 / 17:50";"2025/26";"Oberliga 6 wU13";"weiblich";"0:2";"17:50";"41";"0";":";"2";"3";":";"25";"24";"14";":";"25";"17";
"13.12.2025";"14:45:00";"Samstag";"35";"Spieltag 5";"SC GW Paderborn";"USC Münster";"Telekom Post SV Bielefeld II";"Telekom Post SV Bielefeld II";"0:2 / 28:50";"Carl Severing-Berufskolleg (Halle 2) (33607 Bielefeld)";"0:2 / 28:50";"2025/26";"Oberliga 6 wU13";"weiblich";"0:2";"28:50";"36";"0";":";"2";"17";":";"25";"18";"11";":";"25";"18";
"11.01.2026";"11:00:00";"Sonntag";"36";"Spieltag 6";"SC GW Paderborn";"VoR Paderborn";"Telekom Post SV Bielefeld II";"SC GW Paderborn";"Riemeke-Sporthalle (33102 Paderborn)";"Riemeke-Sporthalle (33102 Paderborn)";"-";"2025/26";"Oberliga 6 wU13";"weiblich";
"11.01.2026";"11:00:00";"Sonntag";"39";"Spieltag 6";"USC Münster";"Telekom Post SV Bielefeld";"VoR Paderborn II";"USC Münster";"Kardinal-von-Galen-Gymnasium (48165 Münster)";"Kardinal-von-Galen-Gymnasium (48165 Münster)";"-";"2025/26";"Oberliga 6 wU13";"weiblich";
"11.01.2026";"12:15:00";"Sonntag";"37";"Spieltag 6";"VoR Paderborn";"Telekom Post SV Bielefeld II";"SC GW Paderborn";"SC GW Paderborn";"Riemeke-Sporthalle (33102 Paderborn)";"Riemeke-Sporthalle (33102 Paderborn)";"-";"2025/26";"Oberliga 6 wU13";"weiblich";
"11.01.2026";"12:15:00";"Sonntag";"40";"Spieltag 6";"VoR Paderborn II";"Telekom Post SV Bielefeld";"SV Ems Westbevern";"USC Münster";"Kardinal-von-Galen-Gymnasium (48165 Münster)";"Kardinal-von-Galen-Gymnasium (48165 Münster)";"-";"2025/26";"Oberliga 6 wU13";"weiblich";
"11.01.2026";"13:30:00";"Sonntag";"38";"Spieltag 6";"Telekom Post SV Bielefeld II";"SC GW Paderborn";"VoR Paderborn";"SC GW Paderborn";"Riemeke-Sporthalle (33102 Paderborn)";"Riemeke-Sporthalle (33102 Paderborn)";"-";"2025/26";"Oberliga 6 wU13";"weiblich";
"11.01.2026";"13:30:00";"Sonntag";"41";"Spieltag 6";"USC Münster";"SV Ems Westbevern";"Telekom Post SV Bielefeld";"USC Münster";"Kardinal-von-Galen-Gymnasium (48165 Münster)";"Kardinal-von-Galen-Gymnasium (48165 Münster)";"-";"2025/26";"Oberliga 6 wU13";"weiblich";
"11.01.2026";"14:45:00";"Sonntag";"42";"Spieltag 6";"VoR Paderborn II";"SV Ems Westbevern";"USC Münster";"USC Münster";"Kardinal-von-Galen-Gymnasium (48165 Münster)";"Kardinal-von-Galen-Gymnasium (48165 Münster)";"-";"2025/26";"Oberliga 6 wU13";"weiblich";
