Datum;Uhrzeit;Wochentag;#;ST;Heim;Gast;SR;Gastgeber;Austragungsort/Ergebnis;Ort;Ergebnis;Saison;Spielrunde;Geschlecht;Satzpunkte;Ballpunkte;Spieldauer;Zuschauerzahl;Satzpunkte 1;:;Satzpunkte 2;Satz 1 - Ballpunkte 1;:.1;Satz 1 - Ballpunkte 2;Satz 1 - Satzdauer;Satz 2 - Ballpunkte 1;:.2;Satz 2 - Ballpunkte 2;Satz 2 - Satzdauer;Satz 3 - Ballpunkte 1;:.3;Satz 3 - Ballpunkte 2;Satz 3 - Satzdauer;Satz 4 - Ballpunkte 1;:.4;Satz 4 - Ballpunkte 2;Satz 4 - Satzdauer;Satz 5 - Ballpunkte 1;:.5;Satz 5 - Ballpunkte 2;Satz 5 - Satzdauer;Unnamed: 42;USC_Team;Unnamed: 41;Unnamed: 33;Datum_DT;Tag
20.09.2025;13:00;Samstag;4001;Spieltag 1;USC2;RC Sorpesee;-;USC2;3:0 / 75:61;Sporthalle Berg Fidel (48153 Münster);3:0 / 75:61;2025/26;2. Bundesliga Frauen Nord;weiblich;3:0;75:61;77.0;85.0;3.0;:;0.0;25.0;:;21.0;26.0;25.0;:;23.0;29.0;25.0;:;17.0;22.0;;;;;;;;;;USC2;;;2025-09-20;Sa
20.09.2025;15:00;Samstag;3;Spieltag 1;BSV Ostbevern II;SG Sendenhorst II;USC4;BSV Ostbevern II;3:2 / 100:95;Beverhalle (48346 Ostbevern);3:2 / 100:95;2025/26;Bezirksliga 14 Frauen;weiblich;3:2;100:95;113.0;;3.0;:;2.0;15.0;:;25.0;19.0;20.0;:;25.0;28.0;25.0;:;15.0;21.0;25.0;:;18.0;26.0;15.0;:;12.0;19.0;;USC4;;;2025-09-20;Sa
20.09.2025;16:30;Samstag;4;Spieltag 1;USC4;SV Greven;BSV Ostbevern II;BSV Ostbevern II;1:3 / 94:97;Beverhalle (48346 Ostbevern);1:3 / 94:97;2025/26;Bezirksliga 14 Frauen;weiblich;1:3;94:97;96.0;;1.0;:;3.0;25.0;:;22.0;19.0;23.0;:;25.0;26.0;23.0;:;25.0;25.0;23.0;:;25.0;26.0;;;;;;USC4;;;2025-09-20;Sa
20.09.2025;20:00;Samstag;3;Spieltag 1;SC Hennen;USC3;-;SC Hennen;3:1 / 101:91;Sportpark Hennen (58640 Iserlohn);3:1 / 101:91;2025/26;Oberliga 2 Frauen;weiblich;3:1;101:91;107.0;;3.0;:;1.0;24.0;:;26.0;26.0;27.0;:;25.0;30.0;25.0;:;17.0;24.0;25.0;:;23.0;27.0;;;;;;USC3;;;2025-09-20;Sa
21.09.2025;11:00;Sonntag;1;Spieltag 1;SC Münster 08 III;SC Münster 08 II;USC7;SC Münster 08 III;0:3 / 47:75;Sporthalle Ost (Zweifachhalle) (48145 Münster);0:3 / 47:75;2025/26;Kreisliga Münster Frauen;mixed;0:3;47:75;42;;0.0;:;3.0;12.0;:;25.0;12;19.0;:;25.0;14;16.0;:;25.0;16;;;;;;;;;;USC7;;;2025-09-21;So
21.09.2025;12:00;Sonntag;1;Spieltag 1;USC6;USC5;TSC Gievenbeck IV;USC6;0:3 / 62:75;Kardinal-von-Galen-Gymnasium (48165 Münster);0:3 / 62:75;2025/26;Bezirksklasse 26 Frauen;weiblich;0:3;62:75;62.0;;0.0;:;3.0;22.0;:;25.0;17.0;21.0;:;25.0;24.0;19.0;:;25.0;21.0;;;;;;;;;;USC6;;;2025-09-21;So
21.09.2025;12:00;Sonntag;2;Spieltag 1;USC7;USC8;SC Münster 08 III;SC Münster 08 III;3:0 / 75:27;Sporthalle Ost (Zweifachhalle) (48145 Münster);3:0 / 75:27;2025/26;Kreisliga Münster Frauen;mixed;3:0;75:27;93;;3.0;:;0.0;25.0;:;6.0;59;25.0;:;4.0;14;25.0;:;17.0;20;;;;;;;;;;USC8;;;2025-09-21;So
21.09.2025;13:15;Sonntag;2;Spieltag 1;TSC Gievenbeck IV;TuS Saxonia Münster IV;USC6;USC6;1:3 / 84:92;Kardinal-von-Galen-Gymnasium (48165 Münster);1:3 / 84:92;2025/26;Bezirksklasse 26 Frauen;weiblich;1:3;84:92;154.0;;1.0;:;3.0;25.0;:;17.0;76.0;23.0;:;25.0;29.0;18.0;:;25.0;26.0;18.0;:;25.0;23.0;;;;;;USC6;;;2025-09-21;So
27.09.2025;12:00;Samstag;7;Spieltag 1;SV Blau-Weiß Aasee;USC-U16-2;-;SV Blau-Weiß Aasee;0:2 / 34:50;Sporthalle der Bonhoeffer Schule (48151 Münster);0:2 / 34:50;2025/26;Oberliga 5 wU16;weiblich;0:2;34:50;50;;0.0;:;2.0;21.0;:;25.0;27;13.0;:;25.0;23;;;;;;;;;;;;;;USC-U16-2;;;2025-09-27;Sa
27.09.2025;14:00;Samstag;4;Spieltag 1;Telekom Post SV Bielefeld II;Telekom Post SV Bielefeld;USC-U13;Telekom Post SV Bielefeld II;2:1 / 50:46;Almhalle 4 (33615 Bielefeld);2:1 / 50:46;2025/26;Oberliga 6 wU13;weiblich;2:1;50:46;33.0;;2.0;:;1.0;10.0;:;25.0;9.0;25.0;:;12.0;13.0;15.0;:;9.0;11.0;;;;;;;;;;USC-U13;;;2025-09-27;Sa
27.09.2025;15:15;Samstag;5;Spieltag 1;USC-U13;Telekom Post SV Bielefeld;SC GW Paderborn;Telekom Post SV Bielefeld II;2:0 / 50:34;Almhalle 4 (33615 Bielefeld);2:0 / 50:34;2025/26;Oberliga 6 wU13;weiblich;2:0;50:34;51.0;;2.0;:;0.0;25.0;:;17.0;32.0;25.0;:;17.0;19.0;;;;;;;;;;;;;;USC-U13;;;2025-09-27;Sa
27.09.2025;16:00;Samstag;7;Spieltag 1;RSV Borken;USC-U16-1;TSC Gievenbeck;RSV Borken;2:0 / 50:37;Doppelsporthalle Burlo (46325 Borken-Burlo);2:0 / 50:37;2025/26;NRW-Liga wU16;weiblich;2:0;50:37;40;;2.0;:;0.0;25.0;:;15.0;15;25.0;:;22.0;25;;;;;;;;;;;;;;USC-U16-1;;;2025-09-27;Sa
27.09.2025;17:00;Samstag;8;Spieltag 1;USC-U16-1;TSC Gievenbeck;RSV Borken;RSV Borken;2:0 / 52:39;Doppelsporthalle Burlo (46325 Borken-Burlo);2:0 / 52:39;2025/26;NRW-Liga wU16;weiblich;2:0;52:39;82;;2.0;:;0.0;25.0;:;14.0;51;27.0;:;25.0;31;;;;;;;;;;;;;;USC-U16-1;;;2025-09-27;Sa
27.09.2025;17:45;Samstag;7;Spieltag 1;USC-U13;SC GW Paderborn;Telekom Post SV Bielefeld II;Telekom Post SV Bielefeld II;2:0 / 50:31;Almhalle 4 (33615 Bielefeld);2:0 / 50:31;2025/26;Oberliga 6 wU13;weiblich;2:0;50:31;38.0;;2.0;:;0.0;25.0;:;14.0;20.0;25.0;:;17.0;18.0;;;;;;;;;;;;;;USC-U13;;;2025-09-27;Sa
27.09.2025;18:00;Samstag;9;Spieltag 1;TSC Gievenbeck;RSV Borken;USC-U16-1;RSV Borken;0:2 / 35:50;Doppelsporthalle Burlo (46325 Borken-Burlo);0:2 / 35:50;2025/26;NRW-Liga wU16;weiblich;0:2;35:50;104;;0.0;:;2.0;16.0;:;25.0;83;19.0;:;25.0;21;;;;;;;;;;;;;;USC-U16-1;;;2025-09-27;Sa
27.09.2025;19:30;Samstag;4011;Spieltag 2;VC Osnabrück;USC2;-;VC Osnabrück;1:3 / 72:87;Sporthalle am Schlosswall (49080 Osnabrück);1:3 / 72:87;2025/26;2. Bundesliga Frauen Nord;weiblich;1:3;72:87;81.0;270.0;1.0;:;3.0;15.0;:;25.0;23.0;25.0;:;12.0;18.0;17.0;:;25.0;22.0;15.0;:;25.0;18.0;;;;;;USC2;;;2025-09-27;Sa
28.09.2025;11:00;Sonntag;7;Spieltag 1;USC-U14-1;TSC Gievenbeck;TSV Bayer 04 Leverkusen;USC-U14-1;2:0 / 50:32;Kardinal-von-Galen-Gymnasium (48165 Münster);2:0 / 50:32;2025/26;NRW-Liga wU14;weiblich;2:0;50:32;44;;2.0;:;0.0;25.0;:;19.0;23;25.0;:;13.0;21;;;;;;;;;;;;;;USC-U14-1;;;2025-09-28;So
28.09.2025;11:00;Sonntag;1;Spieltag 1;RC Sorpesee;RSV Borken;USC-U18;RC Sorpesee;2:1 / 57:50;Schulzentrum Sundern (59846 Sundern);2:1 / 57:50;2025/26;NRW-Liga wU18;weiblich;2:1;57:50;52;;2.0;:;1.0;25.0;:;16.0;17;17.0;:;25.0;22;15.0;:;9.0;13.0;;;;;;;;;;USC-U18;;;2025-09-28;So
28.09.2025;11:00;Sonntag;4;Spieltag 1;USC-U14-2;SC GW Paderborn;BSV Ostbevern;USC-U14-2;0:2 / 0:50;Kardinal-von-Galen-Gymnasium (48165 Münster);0:2 / 0:50;2025/26;Oberliga 5 wU14;weiblich;0:2;0:50;-;;0.0;:;2.0;0.0;:;25.0;-;0.0;:;25.0;-;;;;;;;;;;;;;;USC-U14-2;;;2025-09-28;So
28.09.2025;12:00;Sonntag;8;Spieltag 1;TSC Gievenbeck;TSV Bayer 04 Leverkusen;USC-U14-1;USC-U14-1;0:2 / 34:50;Kardinal-von-Galen-Gymnasium (48165 Münster);0:2 / 34:50;2025/26;NRW-Liga wU14;weiblich;0:2;34:50;43;;0.0;:;2.0;15.0;:;25.0;22;19.0;:;25.0;21;;;;;;;;;;;;;;USC-U14-1;;;2025-09-28;So
28.09.2025;12:00;Sonntag;2;Spieltag 1;RSV Borken;USC-U18;RC Sorpesee;RC Sorpesee;2:0 / 50:37;Schulzentrum Sundern (59846 Sundern);2:0 / 50:37;2025/26;NRW-Liga wU18;weiblich;2:0;50:37;94;;2.0;:;0.0;25.0;:;18.0;72;25.0;:;19.0;22;;;;;;;;;;;;;;USC-U18;;;2025-09-28;So
28.09.2025;12:00;Sonntag;5;Spieltag 1;SC GW Paderborn;BSV Ostbevern;USC-U14-2;USC-U14-2;0:2 / 24:50;Kardinal-von-Galen-Gymnasium (48165 Münster);0:2 / 24:50;2025/26;Oberliga 5 wU14;weiblich;0:2;24:50;-;;0.0;:;2.0;13.0;:;25.0;-;11.0;:;25.0;-;;;;;;;;;;;;;;USC-U14-2;;;2025-09-28;So
28.09.2025;13:00;Sonntag;9;Spieltag 1;TSV Bayer 04 Leverkusen;USC-U14-1;TSC Gievenbeck;USC-U14-1;2:0 / 50:37;Kardinal-von-Galen-Gymnasium (48165 Münster);2:0 / 50:37;2025/26;NRW-Liga wU14;weiblich;2:0;50:37;22;;2.0;:;0.0;25.0;:;16.0;0;25.0;:;21.0;22;;;;;;;;;;;;;;USC-U14-1;;;2025-09-28;So
28.09.2025;13:00;Sonntag;3;Spieltag 1;USC-U18;RC Sorpesee;RSV Borken;RC Sorpesee;0:2 / 40:50;Schulzentrum Sundern (59846 Sundern);0:2 / 40:50;2025/26;NRW-Liga wU18;weiblich;0:2;40:50;65;;0.0;:;2.0;18.0;:;25.0;40;22.0;:;25.0;25;;;;;;;;;;;;;;USC-U18;;;2025-09-28;So
28.09.2025;13:00;Sonntag;6;Spieltag 1;BSV Ostbevern;USC-U14-2;SC GW Paderborn;USC-U14-2;2:0 / 50:0;Kardinal-von-Galen-Gymnasium (48165 Münster);2:0 / 50:0;2025/26;Oberliga 5 wU14;weiblich;2:0;50:0;-;;2.0;:;0.0;25.0;:;0.0;-;25.0;:;0.0;-;;;;;;;;;;;;;;USC-U14-2;;;2025-09-28;So
04.10.2025;15:00;Samstag;7;Spieltag 2;USC3;SG Sendenhorst;-;USC3;3:1 / 97:83;Kardinal-von-Galen-Gymnasium (48165 Münster);3:1 / 97:83;2025/26;Oberliga 2 Frauen;weiblich;3:1;97:83;103.0;;3.0;:;1.0;25.0;:;17.0;24.0;25.0;:;18.0;25.0;22.0;:;25.0;26.0;25.0;:;23.0;28.0;;;;;;USC3;;;2025-10-04;Sa
04.10.2025;16:15;Samstag;6;Spieltag 2;SV Blau-Weiß Aasee VI;USC6;TSC Gievenbeck IV;TSC Gievenbeck IV;1:3 / 88:95;Sporthalle der Mosaikschule (48161 Münster);1:3 / 88:95;2025/26;Bezirksklasse 26 Frauen;weiblich;1:3;88:95;204.0;;1.0;:;3.0;25.0;:;20.0;117.0;20.0;:;25.0;25.0;22.0;:;25.0;33.0;21.0;:;25.0;29.0;;;;;;USC6;;;2025-10-04;Sa
04.10.2025;17:00;Samstag;7;Spieltag 2;SV Blau-Weiß Aasee IV;USC4;TuS Saxonia Münster III;SV Blau-Weiß Aasee IV;3:1 / 97:87;Sporthalle der Bonhoeffer Schule (48151 Münster);3:1 / 97:87;2025/26;Bezirksliga 14 Frauen;weiblich;3:1;97:87;103.0;;3.0;:;1.0;25.0;:;15.0;23.0;21.0;:;25.0;25.0;26.0;:;24.0;28.0;25.0;:;23.0;27.0;;;;;;USC4;;;2025-10-04;Sa
05.10.2025;11:00;Sonntag;8;Spieltag 2;USC-U13;VoR Paderborn II;Telekom Post SV Bielefeld II;USC-U13;2:0 / 50:33;Kardinal-von-Galen-Gymnasium (48165 Münster);2:0 / 50:33;2025/26;Oberliga 6 wU13;weiblich;2:0;50:33;35.0;;2.0;:;0.0;25.0;:;17.0;16.0;25.0;:;16.0;19.0;;;;;;;;;;;;;;USC-U13;;;2025-10-05;So
05.10.2025;12:15;Sonntag;9;Spieltag 2;VoR Paderborn II;Telekom Post SV Bielefeld II;USC-U13;USC-U13;2:0 / 50:29;Kardinal-von-Galen-Gymnasium (48165 Münster);2:0 / 50:29;2025/26;Oberliga 6 wU13;weiblich;2:0;50:29;27.0;;2.0;:;0.0;25.0;:;16.0;13.0;25.0;:;13.0;14.0;;;;;;;;;;;;;;USC-U13;;;2025-10-05;So
05.10.2025;13:30;Sonntag;10;Spieltag 2;Telekom Post SV Bielefeld II;USC-U13;VoR Paderborn II;USC-U13;0:2 / 19:50;Kardinal-von-Galen-Gymnasium (48165 Münster);0:2 / 19:50;2025/26;Oberliga 6 wU13;weiblich;0:2;19:50;14.0;;0.0;:;2.0;13.0;:;25.0;3.0;6.0;:;25.0;11.0;;;;;;;;;;;;;;USC-U13;;;2025-10-05;So
05.10.2025;14:30;Sonntag;7;Spieltag 2;SV Arminia Appelhülsen II;TuS Saxonia Münster IV;USC5;SV Arminia Appelhülsen II;3:1 / 87:81;St. Marien Grundschule (48301 Nottuln);3:1 / 87:81;2025/26;Bezirksklasse 26 Frauen;weiblich;3:1;87:81;75.0;;3.0;:;1.0;12.0;:;25.0;10.0;25.0;:;19.0;22.0;25.0;:;20.0;22.0;25.0;:;17.0;21.0;;;;;;USC5;;;2025-10-05;So
05.10.2025;15:45;Sonntag;8;Spieltag 2;USC5;SV Blau-Weiß Aasee V;SV Arminia Appelhülsen II;SV Arminia Appelhülsen II;1:3 / 83:88;St. Marien Grundschule (48301 Nottuln);1:3 / 83:88;2025/26;Bezirksklasse 26 Frauen;weiblich;1:3;83:88;163.0;;1.0;:;3.0;21.0;:;25.0;97.0;25.0;:;13.0;22.0;18.0;:;25.0;21.0;19.0;:;25.0;23.0;;;;;;USC5;;;2025-10-05;So
08.10.2025;17:30;Mittwoch;8;Spieltag 2;SV Blau-Weiß Aasee IX;USC7;-;SV Blau-Weiß Aasee IX;0:3 / 38:75;Kardinal-von-Galen-Gymnasium (48165 Münster);0:3 / 38:75;2025/26;Kreisliga Münster Frauen;mixed;0:3;38:75;80;;0.0;:;3.0;7.0;:;25.0;38;11.0;:;25.0;19;20.0;:;25.0;23;;;;;;;;;;USC7;;;2025-10-08;Mi
10.10.2025;18:00;Freitag;12;Spieltag 3;TSC Gievenbeck IV;USC5;TSV Handorf;TSC Gievenbeck IV;0:3 / 46:75;Sporthalle der Mosaikschule (48161 Münster);0:3 / 46:75;2025/26;Bezirksklasse 26 Frauen;weiblich;0:3;46:75;65.0;;0.0;:;3.0;17.0;:;25.0;22.0;13.0;:;25.0;19.0;16.0;:;25.0;24.0;;;;;;;;;;USC5;;;2025-10-10;Fr
11.10.2025;12:00;Samstag;9;Spieltag 3;TuS Saxonia Münster IV;USC6;SV Arminia Appelhülsen II;TuS Saxonia Münster IV;3:2 / 107:93;Mathilde-Anneke-Gesamtschule (48145 Münster);3:2 / 107:93;2025/26;Bezirksklasse 26 Frauen;weiblich;3:2;107:93;120.0;;3.0;:;2.0;25.0;:;21.0;25.0;23.0;:;25.0;28.0;19.0;:;25.0;29.0;25.0;:;16.0;25.0;15.0;:;6.0;13.0;;USC6;;;2025-10-11;Sa
11.10.2025;15:00;Samstag;11;Spieltag 3;TSV Handorf;SV Blau-Weiß Aasee V;USC5;TSV Handorf;0:3 / 51:75;2,5fach-Sporthalle Middelfeld (48157 Münster);0:3 / 51:75;2025/26;Bezirksklasse 26 Frauen;weiblich;0:3;51:75;69.0;;0.0;:;3.0;16.0;:;25.0;21.0;17.0;:;25.0;24.0;18.0;:;25.0;24.0;;;;;;;;;;USC5;;;2025-10-11;Sa
11.10.2025;19:00;Samstag;15;Spieltag 3;SSV Meschede;USC3;-;SSV Meschede;0:3 / 63:75;Schule unter dem Regenbogen (59872 Meschede);0:3 / 63:75;2025/26;Oberliga 2 Frauen;weiblich;0:3;63:75;75.0;;0.0;:;3.0;20.0;:;25.0;26.0;22.0;:;25.0;26.0;21.0;:;25.0;23.0;;;;;;;;;;USC3;;;2025-10-11;Sa
12.10.2025;11:00;Sonntag;11;Spieltag 3;USC4;SC DJK Everswinkel;SV Greven;USC4;1:3 / 85:88;Kardinal-von-Galen-Gymnasium (48165 Münster);1:3 / 85:88;2025/26;Bezirksliga 14 Frauen;weiblich;1:3;85:88;86.0;;1.0;:;3.0;23.0;:;25.0;21.0;25.0;:;13.0;19.0;21.0;:;25.0;25.0;16.0;:;25.0;21.0;;;;;;USC4;;;2025-10-12;So
12.10.2025;12:30;Sonntag;12;Spieltag 3;SV Greven;BSV Ostbevern II;USC4;USC4;3:1 / 96:76;Kardinal-von-Galen-Gymnasium (48165 Münster);3:1 / 96:76;2025/26;Bezirksliga 14 Frauen;weiblich;3:1;96:76;152.0;;3.0;:;1.0;25.0;:;18.0;81.0;21.0;:;25.0;25.0;25.0;:;21.0;26.0;25.0;:;12.0;20.0;;;;;;USC4;;;2025-10-12;So
12.10.2025;16:00;Sonntag;2001;Spieltag 1;USC1;SSC Palmberg Schwerin;-;USC1;3:2 / 106:106;Sporthalle Berg Fidel (48153 Münster);3:2 / 106:106;2025/26;1. Bundesliga Frauen;weiblich;3:2;106:106;115.0;2124.0;3.0;:;2.0;20.0;:;25.0;24.0;25.0;:;22.0;25.0;21.0;:;25.0;25.0;25.0;:;21.0;24.0;15.0;:;13.0;17.0;;USC1;;;2025-10-12;So
15.10.2025;19:30;Mittwoch;2011;Spieltag 2;Binder Blaubären TSV Flacht;USC1;-;Binder Blaubären TSV Flacht;0:3 / 49:75;Heckengäusporthalle II (71287 Weissach);0:3 / 49:75;2025/26;1. Bundesliga Frauen;weiblich;0:3;49:75;64.0;433.0;0.0;:;3.0;14.0;:;25.0;22.0;15.0;:;25.0;21.0;20.0;:;25.0;21.0;;;;;;;;;;USC1;;;2025-10-15;Mi
18.10.2025;13:00;Samstag;4013;Spieltag 3;USC2;SSF Bonn;-;USC2;3:2 / 101:100;Sporthalle Berg Fidel (48153 Münster);3:2 / 101:100;2025/26;2. Bundesliga Frauen Nord;weiblich;3:2;101:100;105.0;0.0;3.0;:;2.0;14.0;:;25.0;21.0;25.0;:;15.0;19.0;22.0;:;25.0;25.0;25.0;:;23.0;26.0;15.0;:;12.0;14.0;;USC2;;;2025-10-18;Sa
18.10.2025;15:00;Samstag;17;Spieltag 4;USC3;SC Halle;-;USC3;3:0 / 77:50;Kardinal-von-Galen-Gymnasium (48165 Münster);3:0 / 77:50;2025/26;Oberliga 2 Frauen;weiblich;3:0;77:50;73.0;;3.0;:;0.0;25.0;:;19.0;24.0;27.0;:;25.0;31.0;25.0;:;6.0;18.0;;;;;;;;;;USC3;;;2025-10-18;Sa
25.10.2025;12:00;Samstag;15;Spieltag 4;SV Blau-Weiß Aasee VI;TuS Saxonia Münster IV;USC6;SV Blau-Weiß Aasee VI;3:0 / 75:64;Sporthalle der Bonhoeffer Schule (48151 Münster);3:0 / 75:64;2025/26;Bezirksklasse 26 Frauen;weiblich;3:0;75:64;78.0;;3.0;:;0.0;25.0;:;23.0;26.0;25.0;:;22.0;27.0;25.0;:;19.0;25.0;;;;;;;;;;USC6;;;2025-10-25;Sa
25.10.2025;12:00;Samstag;23;Spieltag 5;SV Blau-Weiß Aasee VIII;USC8;SV Blau-Weiß Aasee IX;SV Blau-Weiß Aasee VIII;3:0 / 75:35;Sporthalle Ost (Zweifachhalle) (48145 Münster);3:0 / 75:35;2025/26;Kreisliga Münster Frauen;mixed;3:0;75:35;54;;3.0;:;0.0;25.0;:;9.0;19;25.0;:;13.0;18;25.0;:;13.0;17;;;;;;;;;;USC8;;;2025-10-25;Sa
25.10.2025;13:15;Samstag;16;Spieltag 4;USC6;TSV Handorf;SV Blau-Weiß Aasee VI;SV Blau-Weiß Aasee VI;0:3 / 54:75;Sporthalle der Bonhoeffer Schule (48151 Münster);0:3 / 54:75;2025/26;Bezirksklasse 26 Frauen;weiblich;0:3;54:75;75.0;;0.0;:;3.0;12.0;:;25.0;18.0;20.0;:;25.0;28.0;22.0;:;25.0;29.0;;;;;;;;;;USC6;;;2025-10-25;Sa
26.10.2025;12:00;Sonntag;13;Spieltag 4;USC5;SV Arminia Appelhülsen II;SV Blau-Weiß Aasee V;USC5;3:1 / 98:80;Kardinal-von-Galen-Gymnasium (48165 Münster);3:1 / 98:80;2025/26;Bezirksklasse 26 Frauen;weiblich;3:1;98:80;98.0;;3.0;:;1.0;23.0;:;25.0;28.0;25.0;:;12.0;20.0;25.0;:;20.0;25.0;25.0;:;23.0;25.0;;;;;;USC5;;;2025-10-26;So
26.10.2025;12:30;Sonntag;18;Spieltag 5;SG Sendenhorst II;USC4;SV Blau-Weiß Aasee IV;SV Blau-Weiß Aasee IV;0:3 / 40:75;Sporthalle der Bonhoeffer Schule (48151 Münster);0:3 / 40:75;2025/26;Bezirksliga 14 Frauen;weiblich;0:3;40:75;138.0;;0.0;:;3.0;11.0;:;25.0;94.0;20.0;:;25.0;25.0;9.0;:;25.0;19.0;;;;;;;;;;USC4;;;2025-10-26;So
26.10.2025;13:15;Sonntag;14;Spieltag 4;SV Blau-Weiß Aasee V;TSC Gievenbeck IV;USC5;USC5;3:0 / 75:62;Kardinal-von-Galen-Gymnasium (48165 Münster);3:0 / 75:62;2025/26;Bezirksklasse 26 Frauen;weiblich;3:0;75:62;50.0;;3.0;:;0.0;25.0;:;19.0;4.0;25.0;:;22.0;23.0;25.0;:;21.0;23.0;;;;;;;;;;USC5;;;2025-10-26;So
26.10.2025;16:00;Sonntag;2013;Spieltag 3;USC1;ETV Hamburger Volksbank Volleys;-;USC1;3:0 / 76:55;Sporthalle Berg Fidel (48153 Münster);3:0 / 76:55;2025/26;1. Bundesliga Frauen;weiblich;3:0;76:55;71.0;1729.0;3.0;:;0.0;26.0;:;24.0;26.0;25.0;:;15.0;21.0;25.0;:;16.0;24.0;;;;;;;;;;USC1;;;2025-10-26;So
26.10.2025;17:00;Sonntag;23;Spieltag 5;TB Höntrop;USC3;-;TB Höntrop;2:3 / 94:108;Sportzentrum Westenfeld (44867 Bochum);2:3 / 94:108;2025/26;Oberliga 2 Frauen;weiblich;2:3;94:108;131.0;;2.0;:;3.0;25.0;:;22.0;33.0;25.0;:;21.0;28.0;16.0;:;25.0;27.0;18.0;:;25.0;26.0;10.0;:;15.0;17.0;;USC3;;;2025-10-26;So
01.11.2025;14:30;Samstag;4022;Spieltag 4;SC Potsdam II;USC2;-;SC Potsdam II;1:3 / 87:96;MBS Arena Potsdam (14471 Potsdam);1:3 / 87:96;2025/26;2. Bundesliga Frauen Nord;weiblich;1:3;87:96;95.0;138.0;1.0;:;3.0;25.0;:;21.0;22.0;18.0;:;25.0;21.0;22.0;:;25.0;26.0;22.0;:;25.0;26.0;;;;;;USC2;;;2025-11-01;Sa
01.11.2025;19:30;Samstag;2025;Spieltag 7;USC1;Ladies in Black Aachen;-;USC1;1:3 / 88:96;Sporthalle Berg Fidel (48153 Münster);1:3 / 88:96;2025/26;1. Bundesliga Frauen;weiblich;1:3;88:96;98.0;2015.0;1.0;:;3.0;22.0;:;25.0;25.0;19.0;:;25.0;22.0;25.0;:;21.0;26.0;22.0;:;25.0;25.0;;;;;;USC1;;;2025-11-01;Sa
02.11.2025;11:00;Sonntag;21;Spieltag 6;VSG Ibbenbüren;USC4;TuS Saxonia Münster III;VSG Ibbenbüren;3:1 / 97:81;Anne-Frank-Schule (49477 Ibbenbüren);3:1 / 97:81;2025/26;Bezirksliga 14 Frauen;weiblich;3:1;97:81;101.0;;3.0;:;1.0;25.0;:;17.0;22.0;22.0;:;25.0;28.0;25.0;:;19.0;26.0;25.0;:;20.0;25.0;;;;;;USC4;;;2025-11-02;So
02.11.2025;11:00;Sonntag;27;Spieltag 6;SC Münster 08 III;SV Blau-Weiß Aasee VIII;USC7;SC Münster 08 III;0:3 / 25:75;Sporthalle Ost (Zweifachhalle) (48145 Münster);0:3 / 25:75;2025/26;Kreisliga Münster Frauen;mixed;0:3;25:75;42;;0.0;:;3.0;5.0;:;25.0;14;12.0;:;25.0;15;8.0;:;25.0;13;;;;;;;;;;USC7;;;2025-11-02;So
02.11.2025;12:00;Sonntag;19;Spieltag 5;USC6;TSC Gievenbeck IV;TuS Saxonia Münster IV;USC6;3:2 / 110:101;Halle Berg Fidel (48151 Münster);3:2 / 110:101;2025/26;Bezirksklasse 26 Frauen;weiblich;3:2;110:101;130.0;;3.0;:;2.0;22.0;:;25.0;33.0;25.0;:;19.0;24.0;26.0;:;24.0;31.0;22.0;:;25.0;27.0;15.0;:;8.0;15.0;;USC6;;;2025-11-02;So
02.11.2025;12:00;Sonntag;30;Spieltag 6;USC7;TSC Gievenbeck VI;SC Münster 08 III;SC Münster 08 III;0:3 / 40:75;Sporthalle Ost (Zweifachhalle) (48145 Münster);0:3 / 40:75;2025/26;Kreisliga Münster Frauen;mixed;0:3;40:75;98;;0.0;:;3.0;8.0;:;25.0;54;15.0;:;25.0;22;17.0;:;25.0;22;;;;;;;;;;USC7;;;2025-11-02;So
02.11.2025;13:15;Sonntag;20;Spieltag 5;TuS Saxonia Münster IV;TSV Handorf;USC6;USC6;1:3 / 83:88;Halle Berg Fidel (48151 Münster);1:3 / 83:88;2025/26;Bezirksklasse 26 Frauen;weiblich;1:3;83:88;214.0;;1.0;:;3.0;24.0;:;26.0;148.0;19.0;:;25.0;24.0;25.0;:;12.0;19.0;15.0;:;25.0;23.0;;;;;;USC6;;;2025-11-02;So
02.11.2025;15:45;Sonntag;18;Spieltag 5;SV Blau-Weiß Aasee VI;USC5;SV Arminia Appelhülsen II;SV Arminia Appelhülsen II;2:3 / 96:108;St. Marien Grundschule (48301 Nottuln);2:3 / 96:108;2025/26;Bezirksklasse 26 Frauen;weiblich;2:3;96:108;109.0;;2.0;:;3.0;18.0;:;25.0;25.0;25.0;:;23.0;26.0;25.0;:;20.0;23.0;22.0;:;25.0;24.0;6.0;:;15.0;11.0;;USC5;;;2025-11-02;So
02.11.2025;16:00;Sonntag;27;Spieltag 6;USC3;SV Blau-Weiß Aasee II;-;USC3;3:1 / 92:80;Halle Berg Fidel (48151 Münster);3:1 / 92:80;2025/26;Oberliga 2 Frauen;weiblich;3:1;92:80;100.0;;3.0;:;1.0;25.0;:;21.0;30.0;25.0;:;18.0;25.0;17.0;:;25.0;24.0;25.0;:;16.0;21.0;;;;;;USC3;;;2025-11-02;So
05.11.2025;17:30;Mittwoch;14;Spieltag 3;SV Blau-Weiß Aasee VIII;USC7;-;USC7;0:3 / 64:75;Kardinal-von-Galen-Gymnasium (48165 Münster);0:3 / 64:75;2025/26;Kreisliga Münster Frauen;mixed;0:3;64:75;109;;0.0;:;3.0;22.0;:;25.0;61;20.0;:;25.0;23;22.0;:;25.0;25;;;;;;;;;;USC7;;;2025-11-05;Mi
08.11.2025;11:00;Samstag;13;Spieltag 2;USC-U16-1;VoR Paderborn;VV Humann Essen;USC-U16-1;2:0 / 50:19;Kardinal-von-Galen-Gymnasium (48165 Münster);2:0 / 50:19;2025/26;NRW-Liga wU16;weiblich;2:0;50:19;35;;2.0;:;0.0;25.0;:;12.0;20;25.0;:;7.0;15;;;;;;;;;;;;;;USC-U16-1;;;2025-11-08;Sa
08.11.2025;11:00;Samstag;11;Spieltag 2;USC-U16-2;VoR Paderborn II;BSV Ostbevern;USC-U16-2;2:0 / 50:36;Kardinal-von-Galen-Gymnasium (48165 Münster);2:0 / 50:36;2025/26;Oberliga 5 wU16;weiblich;2:0;50:36;39;;2.0;:;0.0;25.0;:;18.0;20;25.0;:;18.0;19;;;;;;;;;;;;;;USC-U16-2;;;2025-11-08;Sa
08.11.2025;12:00;Samstag;14;Spieltag 2;VoR Paderborn;VV Humann Essen;USC-U16-1;USC-U16-1;2:0 / 50:20;Kardinal-von-Galen-Gymnasium (48165 Münster);2:0 / 50:20;2025/26;NRW-Liga wU16;weiblich;2:0;50:20;64;;2.0;:;0.0;25.0;:;9.0;42;25.0;:;11.0;22;;;;;;;;;;;;;;USC-U16-1;;;2025-11-08;Sa
08.11.2025;12:15;Samstag;12;Spieltag 2;VoR Paderborn II;BSV Ostbevern;USC-U16-2;USC-U16-2;0:2 / 25:50;Kardinal-von-Galen-Gymnasium (48165 Münster);0:2 / 25:50;2025/26;Oberliga 5 wU16;weiblich;0:2;25:50;-;;0.0;:;2.0;9.0;:;25.0;-;16.0;:;25.0;-;;;;;;;;;;;;;;USC-U16-2;;;2025-11-08;Sa
08.11.2025;12:15;Samstag;19;Spieltag 3;VoR Paderborn;Telekom Post SV Bielefeld II;USC-U13;SV Ems Westbevern;2:0 / 50:29;St.-Christophorus-Schule (48291 Telgte);2:0 / 50:29;2025/26;Oberliga 6 wU13;weiblich;2:0;50:29;29.0;;2.0;:;0.0;25.0;:;8.0;13.0;25.0;:;21.0;16.0;;;;;;;;;;;;;;USC-U13;;;2025-11-08;Sa
08.11.2025;13:00;Samstag;15;Spieltag 2;VV Humann Essen;USC-U16-1;VoR Paderborn;USC-U16-1;0:2 / 11:50;Kardinal-von-Galen-Gymnasium (48165 Münster);0:2 / 11:50;2025/26;NRW-Liga wU16;weiblich;0:2;11:50;74;;0.0;:;2.0;6.0;:;25.0;59;5.0;:;25.0;15;;;;;;;;;;;;;;USC-U16-1;;;2025-11-08;Sa
08.11.2025;13:30;Samstag;13;Spieltag 2;BSV Ostbevern;USC-U16-2;VoR Paderborn II;USC-U16-2;2:0 / 50:30;Kardinal-von-Galen-Gymnasium (48165 Münster);2:0 / 50:30;2025/26;Oberliga 5 wU16;weiblich;2:0;50:30;42;;2.0;:;0.0;25.0;:;12.0;24;25.0;:;18.0;18;;;;;;;;;;;;;;USC-U16-2;;;2025-11-08;Sa
08.11.2025;13:30;Samstag;20;Spieltag 3;SV Ems Westbevern;USC-U13;Telekom Post SV Bielefeld II;SV Ems Westbevern;1:2 / 55:55;St.-Christophorus-Schule (48291 Telgte);1:2 / 55:55;2025/26;Oberliga 6 wU13;weiblich;1:2;55:55;46.0;;1.0;:;2.0;25.0;:;15.0;8.0;21.0;:;25.0;25.0;9.0;:;15.0;13.0;;;;;;;;;;USC-U13;;;2025-11-08;Sa
08.11.2025;14:45;Samstag;21;Spieltag 3;VoR Paderborn;USC-U13;SV Ems Westbevern;SV Ems Westbevern;2:0 / 50:24;St.-Christophorus-Schule (48291 Telgte);2:0 / 50:24;2025/26;Oberliga 6 wU13;weiblich;2:0;50:24;42.0;;2.0;:;0.0;25.0;:;9.0;26.0;25.0;:;15.0;16.0;;;;;;;;;;;;;;USC-U13;;;2025-11-08;Sa
08.11.2025;15:00;Samstag;4145;Spieltag 23;USC2;VCO Münster;-;USC2;3:0 / 75:39;Sporthalle Berg Fidel (48153 Münster);3:0 / 75:39;2025/26;2. Bundesliga Frauen Nord;weiblich;3:0;75:39;57.0;95.0;3.0;:;0.0;25.0;:;15.0;19.0;25.0;:;13.0;19.0;25.0;:;11.0;19.0;;;;;;;;;;USC2;;;2025-11-08;Sa
09.11.2025;11:00;Sonntag;10;Spieltag 2;SV Wachtberg;VV Schwerte;USC-U14-1;SV Wachtberg;2:0 / 50:34;Dreifachturnhalle Berkum (53343 Wachtberg-Berkum);2:0 / 50:34;2025/26;NRW-Liga wU14;weiblich;2:0;50:34;53;;2.0;:;0.0;25.0;:;14.0;24;25.0;:;20.0;29;;;;;;;;;;;;;;USC-U14-1;;;2025-11-09;So
09.11.2025;11:00;Sonntag;10;Spieltag 2;SV Blau-Weiß Aasee;USC-U18;SC Hennen;SV Blau-Weiß Aasee;0:2 / 15:50;Sporthalle der Bonhoeffer Schule (48151 Münster);0:2 / 15:50;2025/26;NRW-Liga wU18;weiblich;0:2;15:50;30;;0.0;:;2.0;6.0;:;25.0;13;9.0;:;25.0;17;;;;;;;;;;;;;;USC-U18;;;2025-11-09;So
09.11.2025;12:00;Sonntag;11;Spieltag 2;VV Schwerte;USC-U14-1;SV Wachtberg;SV Wachtberg;1:2 / 44:60;Dreifachturnhalle Berkum (53343 Wachtberg-Berkum);1:2 / 44:60;2025/26;NRW-Liga wU14;weiblich;1:2;44:60;107;;1.0;:;2.0;9.0;:;25.0;68;25.0;:;20.0;22;10.0;:;15.0;17.0;;;;;;;;;;USC-U14-1;;;2025-11-09;So
09.11.2025;12:00;Sonntag;11;Spieltag 2;USC-U18;SC Hennen;SV Blau-Weiß Aasee;SV Blau-Weiß Aasee;0:2 / 40:50;Sporthalle der Bonhoeffer Schule (48151 Münster);0:2 / 40:50;2025/26;NRW-Liga wU18;weiblich;0:2;40:50;77;;0.0;:;2.0;20.0;:;25.0;52;20.0;:;25.0;25;;;;;;;;;;;;;;USC-U18;;;2025-11-09;So
09.11.2025;12:00;Sonntag;17;Spieltag 2;VoR Paderborn II;USC-U14-2;RC Sorpesee;RC Sorpesee;2:0 / 50:0;Freie Schule am See (59846 Sundern);2:0 / 50:0;2025/26;Oberliga 5 wU14;weiblich;2:0;50:0;-;;2.0;:;0.0;25.0;:;0.0;-;25.0;:;0.0;-;;;;;;;;;;;;;;USC-U14-2;;;2025-11-09;So
09.11.2025;13:00;Sonntag;12;Spieltag 2;USC-U14-1;SV Wachtberg;VV Schwerte;SV Wachtberg;2:0 / 50:44;Dreifachturnhalle Berkum (53343 Wachtberg-Berkum);2:0 / 50:44;2025/26;NRW-Liga wU14;weiblich;2:0;50:44;57;;2.0;:;0.0;25.0;:;22.0;30;25.0;:;22.0;27;;;;;;;;;;;;;;USC-U14-1;;;2025-11-09;So
09.11.2025;13:00;Sonntag;12;Spieltag 2;SC Hennen;SV Blau-Weiß Aasee;USC-U18;SV Blau-Weiß Aasee;2:0 / 50:27;Sporthalle der Bonhoeffer Schule (48151 Münster);2:0 / 50:27;2025/26;NRW-Liga wU18;weiblich;2:0;50:27;102;;2.0;:;0.0;25.0;:;7.0;79;25.0;:;20.0;23;;;;;;;;;;;;;;USC-U18;;;2025-11-09;So
09.11.2025;13:00;Sonntag;18;Spieltag 2;USC-U14-2;RC Sorpesee;VoR Paderborn II;RC Sorpesee;0:2 / 0:50;Freie Schule am See (59846 Sundern);0:2 / 0:50;2025/26;Oberliga 5 wU14;weiblich;0:2;0:50;-;;0.0;:;2.0;0.0;:;25.0;-;0.0;:;25.0;-;;;;;;;;;;;;;;USC-U14-2;;;2025-11-09;So
13.11.2025;16:30;Donnerstag;13;Spieltag 3;USC8;SV Blau-Weiß Aasee IX;-;SV Blau-Weiß Aasee IX;1:3 / 69:94;Erich-Klausener-Schule (48151 Münster);1:3 / 69:94;2025/26;Kreisliga Münster Frauen;mixed;1:3;69:94;110;;1.0;:;3.0;21.0;:;25.0;45;16.0;:;25.0;23;25.0;:;19.0;23;7.0;:;25.0;19.0;;;;;;USC8;;;2025-11-13;Do
15.11.2025;12:00;Samstag;23;Spieltag 6;TuS Saxonia Münster IV;USC5;SV Blau-Weiß Aasee V;TuS Saxonia Münster IV;0:3 / 55:75;Mathilde-Anneke-Gesamtschule (48145 Münster);0:3 / 55:75;2025/26;Bezirksklasse 26 Frauen;weiblich;0:3;55:75;77.0;;0.0;:;3.0;14.0;:;25.0;24.0;19.0;:;25.0;25.0;22.0;:;25.0;28.0;;;;;;;;;;USC5;;;2025-11-15;Sa
15.11.2025;12:00;Samstag;31;Spieltag 7;SC Münster 08 II;USC7;SV Blau-Weiß Aasee IX;SC Münster 08 II;1:3 / 69:94;Sporthalle Ost (Zweifachhalle) (48145 Münster);1:3 / 69:94;2025/26;Kreisliga Münster Frauen;mixed;1:3;69:94;74;;1.0;:;3.0;15.0;:;25.0;13;25.0;:;19.0;22;15.0;:;25.0;20;14.0;:;25.0;19.0;;;;;;USC7;;;2025-11-15;Sa
15.11.2025;13:00;Samstag;4025;Spieltag 5;USC2;TV Cloppenburg;-;USC2;3:1 / 97:69;Sporthalle Berg Fidel (48153 Münster);3:1 / 97:69;2025/26;2. Bundesliga Frauen Nord;weiblich;3:1;97:69;81.0;75.0;3.0;:;1.0;25.0;:;13.0;16.0;22.0;:;25.0;25.0;25.0;:;15.0;20.0;25.0;:;16.0;20.0;;;;;;USC2;;;2025-11-15;Sa
15.11.2025;13:15;Samstag;24;Spieltag 6;SV Blau-Weiß Aasee V;USC6;TuS Saxonia Münster IV;TuS Saxonia Münster IV;3:0 / 75:48;Mathilde-Anneke-Gesamtschule (48145 Münster);3:0 / 75:48;2025/26;Bezirksklasse 26 Frauen;weiblich;3:0;75:48;72.0;;3.0;:;0.0;25.0;:;16.0;25.0;25.0;:;12.0;19.0;25.0;:;20.0;28.0;;;;;;;;;;USC6;;;2025-11-15;Sa
15.11.2025;15:00;Samstag;32;Spieltag 7;USC3;RC Sorpesee II;-;USC3;3:0 / 75:46;Kardinal-von-Galen-Gymnasium (48165 Münster);3:0 / 75:46;2025/26;Oberliga 2 Frauen;weiblich;3:0;75:46;67.0;;3.0;:;0.0;25.0;:;13.0;23.0;25.0;:;16.0;20.0;25.0;:;17.0;24.0;;;;;;;;;;USC3;;;2025-11-15;Sa
15.11.2025;17:15;Samstag;2033;Spieltag 9;VfB Suhl LOTTO Thüringen;USC1;-;VfB Suhl LOTTO Thüringen;3:0 / 78:61;Sporthalle Wolfsgrube (98527 Suhl);3:0 / 78:61;2025/26;1. Bundesliga Frauen;weiblich;3:0;78:61;81.0;1000.0;3.0;:;0.0;25.0;:;14.0;23.0;25.0;:;21.0;26.0;28.0;:;26.0;32.0;;;;;;;;;;USC1;;;2025-11-15;Sa
16.11.2025;13:00;Sonntag;27;Spieltag 7;USC4;TuS Saxonia Münster III;TSC Gievenbeck III;USC4;3:1 / 95:81;Kardinal-von-Galen-Gymnasium (48165 Münster);3:1 / 95:81;2025/26;Bezirksliga 14 Frauen;weiblich;3:1;95:81;104.0;;3.0;:;1.0;20.0;:;25.0;23.0;25.0;:;22.0;29.0;25.0;:;13.0;21.0;25.0;:;21.0;31.0;;;;;;USC4;;;2025-11-16;So
16.11.2025;13:00;Sonntag;33;Spieltag 7;USC8;TSC Gievenbeck VI;-;USC8;0:3 / 23:75;Kardinal-von-Galen-Gymnasium (48165 Münster);0:3 / 23:75;2025/26;Kreisliga Münster Frauen;mixed;0:3;23:75;52;;0.0;:;3.0;1.0;:;25.0;14;10.0;:;25.0;17;12.0;:;25.0;21;;;;;;;;;;USC8;;;2025-11-16;So
16.11.2025;14:30;Sonntag;28;Spieltag 7;TSC Gievenbeck III;SV Greven;USC4;USC4;0:3 / 69:76;Kardinal-von-Galen-Gymnasium (48165 Münster);0:3 / 69:76;2025/26;Bezirksliga 14 Frauen;weiblich;0:3;69:76;77.0;;0.0;:;3.0;23.0;:;25.0;24.0;22.0;:;25.0;26.0;24.0;:;26.0;27.0;;;;;;;;;;USC4;;;2025-11-16;So
20.11.2025;19:00;Donnerstag;32;Spieltag 8;USC4;TSC Gievenbeck III;TuS Saxonia Münster III;TuS Saxonia Münster III;1:3 / 90:105;Kardinal-von-Galen-Gymnasium (48165 Münster);1:3 / 90:105;2025/26;Bezirksliga 14 Frauen;weiblich;1:3;90:105;113.0;;1.0;:;3.0;28.0;:;26.0;29.0;21.0;:;25.0;26.0;14.0;:;25.0;23.0;27.0;:;29.0;35.0;;;;;;USC4;;;2025-11-20;Do
22.11.2025;18:00;Samstag;40;Spieltag 8;DJK Sportfreunde Datteln;USC3;-;DJK Sportfreunde Datteln;0:3 / 66:76;Comenius Gymnasium (45711 Datteln);0:3 / 66:76;2025/26;Oberliga 2 Frauen;weiblich;0:3;66:76;74.0;;0.0;:;3.0;22.0;:;25.0;24.0;24.0;:;26.0;27.0;20.0;:;25.0;23.0;;;;;;;;;;USC3;;;2025-11-22;Sa
22.11.2025;19:00;Samstag;4033;Spieltag 6;BSV Ostbevern;USC2;-;BSV Ostbevern;0:3 / 57:75;Beverhalle (48346 Ostbevern);0:3 / 57:75;2025/26;2. Bundesliga Frauen Nord;weiblich;0:3;57:75;68.0;163.0;0.0;:;3.0;17.0;:;25.0;21.0;23.0;:;25.0;24.0;17.0;:;25.0;23.0;;;;;;;;;;USC2;;;2025-11-22;Sa
23.11.2025;12:00;Sonntag;37;Spieltag 8;SC Münster 08 II;USC8;-;USC7;3:0 / 75:53;Kardinal-von-Galen-Gymnasium (48165 Münster);3:0 / 75:53;2025/26;Kreisliga Münster Frauen;mixed;3:0;75:53;60;;3.0;:;0.0;25.0;:;22.0;17;25.0;:;8.0;17;25.0;:;23.0;26;;;;;;;;;;USC8;;;2025-11-23;So
28.11.2025;18:00;Freitag;36;Spieltag 8;USC7;SC Münster 08 III;-;USC7;3:0 / 75:39;Sporthalle Ost (Zweifachhalle) (48145 Münster);3:0 / 75:39;2025/26;Kreisliga Münster Frauen;mixed;3:0;75:39;45;;3.0;:;0.0;25.0;:;18.0;14;25.0;:;7.0;15;25.0;:;14.0;16;;;;;;;;;;USC7;;;2025-11-28;Fr
29.11.2025;12:00;Samstag;29;Spieltag 6;SV Ems Westbevern III;USC8;-;SV Ems Westbevern III;Mehrzweckhalle Vadrup (48291 Telgte);Mehrzweckhalle Vadrup (48291 Telgte);-;2025/26;Kreisliga Münster Frauen;mixed;;;;;;;;;;;;;;;;;;;;;;;;;;;;;USC8;;;2025-11-29;Sa
29.11.2025;13:00;Samstag;4037;Spieltag 7;USC2;SCU Emlichheim;-;USC2;0:3 / 58:76;Sporthalle Berg Fidel (48153 Münster);0:3 / 58:76;2025/26;2. Bundesliga Frauen Nord;weiblich;0:3;58:76;71.0;80.0;0.0;:;3.0;18.0;:;25.0;23.0;24.0;:;26.0;26.0;16.0;:;25.0;22.0;;;;;;;;;;USC2;;;2025-11-29;Sa
29.11.2025;15:00;Samstag;19;Spieltag 3;SC Union Lüdinghausen;VV Schwerte;USC-U16-1;SC Union Lüdinghausen;2:0 / 50:41;Drei-Burgen-Arena (59348 Lüdinghausen);2:0 / 50:41;2025/26;NRW-Liga wU16;weiblich;2:0;50:41;46;;2.0;:;0.0;25.0;:;18.0;20;25.0;:;23.0;26;;;;;;;;;;;;;;USC-U16-1;;;2025-11-29;Sa
29.11.2025;15:00;Samstag;15;Spieltag 3;Telekom Post SV Bielefeld;BSV Ostbevern II;USC-U16-2;Telekom Post SV Bielefeld;2:0 / 50:28;Almhalle 1 (33615 Bielefeld);2:0 / 50:28;2025/26;Oberliga 5 wU16;weiblich;2:0;50:28;39;;2.0;:;0.0;25.0;:;14.0;20;25.0;:;14.0;19;;;;;;;;;;;;;;USC-U16-2;;;2025-11-29;Sa
29.11.2025;15:00;Samstag;22;Spieltag 4;VoR Paderborn;VoR Paderborn II;USC-U13;VoR Paderborn;2:0 / 50:26;Fürstenberg Halle (33102 Paderborn);2:0 / 50:26;2025/26;Oberliga 6 wU13;weiblich;2:0;50:26;28.0;;2.0;:;0.0;25.0;:;14.0;14.0;25.0;:;12.0;14.0;;;;;;;;;;;;;;USC-U13;;;2025-11-29;Sa
29.11.2025;16:00;Samstag;20;Spieltag 3;VV Schwerte;USC-U16-1;SC Union Lüdinghausen;SC Union Lüdinghausen;0:2 / 28:50;Drei-Burgen-Arena (59348 Lüdinghausen);0:2 / 28:50;2025/26;NRW-Liga wU16;weiblich;0:2;28:50;81;;0.0;:;2.0;11.0;:;25.0;62;17.0;:;25.0;19;;;;;;;;;;;;;;USC-U16-1;;;2025-11-29;Sa
29.11.2025;16:15;Samstag;16;Spieltag 3;BSV Ostbevern II;USC-U16-2;Telekom Post SV Bielefeld;Telekom Post SV Bielefeld;0:2 / 28:50;Almhalle 1 (33615 Bielefeld);0:2 / 28:50;2025/26;Oberliga 5 wU16;weiblich;0:2;28:50;41;;0.0;:;2.0;13.0;:;25.0;22;15.0;:;25.0;19;;;;;;;;;;;;;;USC-U16-2;;;2025-11-29;Sa
29.11.2025;16:15;Samstag;23;Spieltag 4;VoR Paderborn II;USC-U13;VoR Paderborn;VoR Paderborn;1:2 / 52:63;Fürstenberg Halle (33102 Paderborn);1:2 / 52:63;2025/26;Oberliga 6 wU13;weiblich;1:2;52:63;44.0;;1.0;:;2.0;25.0;:;23.0;16.0;18.0;:;25.0;17.0;9.0;:;15.0;11.0;;;;;;;;;;USC-U13;;;2025-11-29;Sa
29.11.2025;17:00;Samstag;21;Spieltag 3;USC-U16-1;SC Union Lüdinghausen;VV Schwerte;SC Union Lüdinghausen;2:0 / 50:28;Drei-Burgen-Arena (59348 Lüdinghausen);2:0 / 50:28;2025/26;NRW-Liga wU16;weiblich;2:0;50:28;108;;2.0;:;0.0;25.0;:;14.0;87;25.0;:;14.0;21;;;;;;;;;;;;;;USC-U16-1;;;2025-11-29;Sa
29.11.2025;17:15;Samstag;2037;Spieltag 10;USC1;Skurios Volleys Borken;-;USC1;3:0 / 80:66;Sporthalle Berg Fidel (48153 Münster);3:0 / 80:66;2025/26;1. Bundesliga Frauen;weiblich;3:0;80:66;80.0;1923.0;3.0;:;0.0;30.0;:;28.0;33.0;25.0;:;18.0;23.0;25.0;:;20.0;24.0;;;;;;;;;;USC1;;;2025-11-29;Sa
29.11.2025;17:30;Samstag;17;Spieltag 3;USC-U16-2;Telekom Post SV Bielefeld;BSV Ostbevern II;Telekom Post SV Bielefeld;1:2 / 52:59;Almhalle 1 (33615 Bielefeld);1:2 / 52:59;2025/26;Oberliga 5 wU16;weiblich;1:2;52:59;51;;1.0;:;2.0;18.0;:;25.0;18;25.0;:;19.0;21;9.0;:;15.0;12;;;;;;;;;;USC-U16-2;;;2025-11-29;Sa
29.11.2025;17:30;Samstag;24;Spieltag 4;USC-U13;VoR Paderborn;VoR Paderborn II;VoR Paderborn;2:0 / 50:43;Fürstenberg Halle (33102 Paderborn);2:0 / 50:43;2025/26;Oberliga 6 wU13;weiblich;2:0;50:43;42.0;;2.0;:;0.0;25.0;:;20.0;20.0;25.0;:;23.0;22.0;;;;;;;;;;;;;;USC-U13;;;2025-11-29;Sa
30.11.2025;11:00;Sonntag;22;Spieltag 3;RSV Borken;USC-U14-1;PTSV Aachen;RSV Borken;2:0 / 50:29;Doppelsporthalle Burlo (46325 Borken-Burlo);2:0 / 50:29;2025/26;NRW-Liga wU14;weiblich;2:0;50:29;45;;2.0;:;0.0;25.0;:;18.0;25;25.0;:;11.0;20;;;;;;;;;;;;;;USC-U14-1;;;2025-11-30;So
30.11.2025;11:00;Sonntag;19;Spieltag 3;USC-U18;VV Humann Essen;VoR Paderborn;USC-U18;1:2 / 50:58;Halle Berg Fidel (48151 Münster);1:2 / 50:58;2025/26;NRW-Liga wU18;weiblich;1:2;50:58;56;;1.0;:;2.0;12.0;:;25.0;16;25.0;:;18.0;23;13.0;:;15.0;17.0;;;;;;;;;;USC-U18;;;2025-11-30;So
30.11.2025;12:00;Sonntag;23;Spieltag 3;USC-U14-1;PTSV Aachen;RSV Borken;RSV Borken;0:2 / 36:50;Doppelsporthalle Burlo (46325 Borken-Burlo);0:2 / 36:50;2025/26;NRW-Liga wU14;weiblich;0:2;36:50;79;;0.0;:;2.0;23.0;:;25.0;61;13.0;:;25.0;18;;;;;;;;;;;;;;USC-U14-1;;;2025-11-30;So
30.11.2025;12:00;Sonntag;20;Spieltag 3;VV Humann Essen;VoR Paderborn;USC-U18;USC-U18;2:0 / 50:40;Halle Berg Fidel (48151 Münster);2:0 / 50:40;2025/26;NRW-Liga wU18;weiblich;2:0;50:40;106;;2.0;:;0.0;25.0;:;21.0;83;25.0;:;19.0;23;;;;;;;;;;;;;;USC-U18;;;2025-11-30;So
30.11.2025;13:00;Sonntag;24;Spieltag 3;PTSV Aachen;RSV Borken;USC-U14-1;RSV Borken;1:2 / 44:56;Doppelsporthalle Burlo (46325 Borken-Burlo);1:2 / 44:56;2025/26;NRW-Liga wU14;weiblich;1:2;44:56;112;;1.0;:;2.0;10.0;:;25.0;79;25.0;:;16.0;20;9.0;:;15.0;13.0;;;;;;;;;;USC-U14-1;;;2025-11-30;So
30.11.2025;13:00;Sonntag;21;Spieltag 3;VoR Paderborn;USC-U18;VV Humann Essen;USC-U18;1:2 / 61:61;Halle Berg Fidel (48151 Münster);1:2 / 61:61;2025/26;NRW-Liga wU18;weiblich;1:2;61:61;63;;1.0;:;2.0;26.0;:;28.0;27;25.0;:;18.0;22;10.0;:;15.0;14.0;;;;;;;;;;USC-U18;;;2025-11-30;So
30.11.2025;13:00;Sonntag;19;Spieltag 3;VoR Paderborn;Telekom Post SV Bielefeld;USC-U14-2;Telekom Post SV Bielefeld;0:2 / 31:50;Carl Severing-Berufskolleg (Halle 2) (33607 Bielefeld);0:2 / 31:50;2025/26;Oberliga 5 wU14;weiblich;0:2;31:50;34;;0.0;:;2.0;18.0;:;25.0;17;13.0;:;25.0;17;;;;;;;;;;;;;;USC-U14-2;;;2025-11-30;So
30.11.2025;14:00;Sonntag;20;Spieltag 3;Telekom Post SV Bielefeld;USC-U14-2;VoR Paderborn;Telekom Post SV Bielefeld;2:0 / 50:21;Carl Severing-Berufskolleg (Halle 2) (33607 Bielefeld);2:0 / 50:21;2025/26;Oberliga 5 wU14;weiblich;2:0;50:21;45;;2.0;:;0.0;25.0;:;8.0;30;25.0;:;13.0;15;;;;;;;;;;;;;;USC-U14-2;;;2025-11-30;So
30.11.2025;15:00;Sonntag;21;Spieltag 3;USC-U14-2;VoR Paderborn;Telekom Post SV Bielefeld;Telekom Post SV Bielefeld;0:2 / 19:50;Carl Severing-Berufskolleg (Halle 2) (33607 Bielefeld);0:2 / 19:50;2025/26;Oberliga 5 wU14;weiblich;0:2;19:50;60;;0.0;:;2.0;8.0;:;25.0;45;11.0;:;25.0;15;;;;;;;;;;;;;;USC-U14-2;;;2025-11-30;So
06.12.2025;11:30;Samstag;25;Spieltag 7;SV Blau-Weiß Aasee VI;TSC Gievenbeck IV;USC6;SV Blau-Weiß Aasee VI;3:1 / 98:72;Erich-Klausener-Schule (48151 Münster);3:1 / 98:72;2025/26;Bezirksklasse 26 Frauen;weiblich;3:1;98:72;96.0;;3.0;:;1.0;25.0;:;20.0;25.0;25.0;:;14.0;23.0;23.0;:;25.0;26.0;25.0;:;13.0;22.0;;;;;;USC6;;;2025-12-06;Sa
06.12.2025;12:45;Samstag;26;Spieltag 7;USC6;SV Arminia Appelhülsen II;SV Blau-Weiß Aasee VI;SV Blau-Weiß Aasee VI;2:3 / 98:102;Erich-Klausener-Schule (48151 Münster);2:3 / 98:102;2025/26;Bezirksklasse 26 Frauen;weiblich;2:3;98:102;188.0;;2.0;:;3.0;25.0;:;16.0;95.0;19.0;:;25.0;24.0;25.0;:;21.0;27.0;22.0;:;25.0;27.0;7.0;:;15.0;15.0;;USC6;;;2025-12-06;Sa
06.12.2025;15:00;Samstag;42;Spieltag 9;USC3;SV Blau-Weiß Sande;-;USC3;0:3 / 70:80;Kardinal-von-Galen-Gymnasium (48165 Münster);0:3 / 70:80;2025/26;Oberliga 2 Frauen;weiblich;0:3;70:80;84.0;;0.0;:;3.0;21.0;:;25.0;25.0;21.0;:;25.0;28.0;28.0;:;30.0;31.0;;;;;;;;;;USC3;;;2025-12-06;Sa
06.12.2025;15:00;Samstag;41;Spieltag 9;SC Münster 08 III;USC8;TSC Gievenbeck VI;SC Münster 08 III;2:3 / 98:101;Sporthalle Ost (Zweifachhalle) (48145 Münster);2:3 / 98:101;2025/26;Kreisliga Münster Frauen;mixed;2:3;98:101;89;;2.0;:;3.0;21.0;:;25.0;16;25.0;:;15.0;18;25.0;:;21.0;22;16.0;:;25.0;21.0;11.0;:;15.0;12.0;;USC8;;;2025-12-06;Sa
06.12.2025;18:00;Samstag;2044;Spieltag 11;VC Wiesbaden;USC1;-;VC Wiesbaden;3:2 / 101:101;Sporthalle am Platz der Deutschen Einheit (65185 Wiesbaden);3:2 / 101:101;2025/26;1. Bundesliga Frauen;weiblich;3:2;101:101;105.0;1197.0;3.0;:;2.0;15.0;:;25.0;20.0;25.0;:;19.0;23.0;16.0;:;25.0;24.0;25.0;:;14.0;18.0;20.0;:;18.0;20.0;;USC1;;;2025-12-06;Sa
06.12.2025;19:00;Samstag;4044;Spieltag 8;SV Energie Cottbus;USC2;-;SV Energie Cottbus;0:3 / 59:75;Hallenkomplex Poznaner Straße (03048 Cottbus);0:3 / 59:75;2025/26;2. Bundesliga Frauen Nord;weiblich;0:3;59:75;71.0;50.0;0.0;:;3.0;22.0;:;25.0;25.0;15.0;:;25.0;21.0;22.0;:;25.0;25.0;;;;;;;;;;USC2;;;2025-12-06;Sa
07.12.2025;12:00;Sonntag;27;Spieltag 7;USC5;TSV Handorf;TuS Saxonia Münster IV;USC5;1:3 / 81:87;Halle Berg Fidel (48151 Münster);1:3 / 81:87;2025/26;Bezirksklasse 26 Frauen;weiblich;1:3;81:87;88.0;;1.0;:;3.0;25.0;:;12.0;18.0;17.0;:;25.0;23.0;19.0;:;25.0;22.0;20.0;:;25.0;25.0;;;;;;USC5;;;2025-12-07;So
07.12.2025;12:30;Sonntag;36;Spieltag 9;BSV Ostbevern II;USC4;VSG Ibbenbüren;VSG Ibbenbüren;0:3 / 57:75;Anne-Frank-Schule (49477 Ibbenbüren);0:3 / 57:75;2025/26;Bezirksliga 14 Frauen;weiblich;0:3;57:75;119.0;;0.0;:;3.0;19.0;:;25.0;66.0;23.0;:;25.0;30.0;15.0;:;25.0;23.0;;;;;;;;;;USC4;;;2025-12-07;So
07.12.2025;13:15;Sonntag;28;Spieltag 7;TuS Saxonia Münster IV;SV Blau-Weiß Aasee V;USC5;USC5;0:3 / 50:75;Halle Berg Fidel (48151 Münster);0:3 / 50:75;2025/26;Bezirksklasse 26 Frauen;weiblich;0:3;50:75;50.0;;0.0;:;3.0;18.0;:;25.0;5.0;14.0;:;25.0;22.0;18.0;:;25.0;23.0;;;;;;;;;;USC5;;;2025-12-07;So
13.12.2025;11:00;Samstag;31;Spieltag 4;SC Hennen;USC-U16-1;TV Gladbeck;SC Hennen;0:2 / 32:50;Sportpark Hennen (58640 Iserlohn);0:2 / 32:50;2025/26;NRW-Liga wU16;weiblich;0:2;32:50;44;;0.0;:;2.0;11.0;:;25.0;20;21.0;:;25.0;24;;;;;;;;;;;;;;USC-U16-1;;;2025-12-13;Sa
13.12.2025;12:00;Samstag;32;Spieltag 4;USC-U16-1;TV Gladbeck;SC Hennen;SC Hennen;2:0 / 50:33;Sportpark Hennen (58640 Iserlohn);2:0 / 50:33;2025/26;NRW-Liga wU16;weiblich;2:0;50:33;88;;2.0;:;0.0;25.0;:;16.0;65;25.0;:;17.0;23;;;;;;;;;;;;;;USC-U16-1;;;2025-12-13;Sa
13.12.2025;12:15;Samstag;33;Spieltag 5;SC GW Paderborn;VoR Paderborn II;USC-U13;Telekom Post SV Bielefeld II;0:2 / 45:53;Carl Severing-Berufskolleg (Halle 2) (33607 Bielefeld);0:2 / 45:53;2025/26;Oberliga 6 wU13;weiblich;0:2;45:53;34.0;;0.0;:;2.0;19.0;:;25.0;14.0;26.0;:;28.0;20.0;;;;;;;;;;;;;;USC-U13;;;2025-12-13;Sa
13.12.2025;13:00;Samstag;4049;Spieltag 9;USC2;TUSA City Girls Düsseldorf;-;USC2;3:1 / 91:87;Sporthalle Berg Fidel (48153 Münster);3:1 / 91:87;2025/26;2. Bundesliga Frauen Nord;weiblich;3:1;91:87;91.0;80.0;3.0;:;1.0;25.0;:;14.0;18.0;27.0;:;25.0;26.0;14.0;:;25.0;20.0;25.0;:;23.0;27.0;;;;;;USC2;;;2025-12-13;Sa
13.12.2025;13:00;Samstag;33;Spieltag 4;TV Gladbeck;SC Hennen;USC-U16-1;SC Hennen;2:0 / 50:33;Sportpark Hennen (58640 Iserlohn);2:0 / 50:33;2025/26;NRW-Liga wU16;weiblich;2:0;50:33;107;;2.0;:;0.0;25.0;:;14.0;85;25.0;:;19.0;22;;;;;;;;;;;;;;USC-U16-1;;;2025-12-13;Sa
13.12.2025;13:30;Samstag;34;Spieltag 5;Telekom Post SV Bielefeld II;USC-U13;VoR Paderborn II;Telekom Post SV Bielefeld II;0:2 / 17:50;Carl Severing-Berufskolleg (Halle 2) (33607 Bielefeld);0:2 / 17:50;2025/26;Oberliga 6 wU13;weiblich;0:2;17:50;41.0;;0.0;:;2.0;3.0;:;25.0;24.0;14.0;:;25.0;17.0;;;;;;;;;;;;;;USC-U13;;;2025-12-13;Sa
13.12.2025;14:00;Samstag;25;Spieltag 4;SG Sendenhorst;SC GW Paderborn;USC-U16-2;SG Sendenhorst;2:0 / 50:39;Westtorhalle (48324 Sendenhorst);2:0 / 50:39;2025/26;Oberliga 5 wU16;weiblich;2:0;50:39;44;;2.0;:;0.0;25.0;:;19.0;23;25.0;:;20.0;21;;;;;;;;;;;;;;USC-U16-2;;;2025-12-13;Sa
13.12.2025;14:45;Samstag;35;Spieltag 5;SC GW Paderborn;USC-U13;Telekom Post SV Bielefeld II;Telekom Post SV Bielefeld II;0:2 / 28:50;Carl Severing-Berufskolleg (Halle 2) (33607 Bielefeld);0:2 / 28:50;2025/26;Oberliga 6 wU13;weiblich;0:2;28:50;36.0;;0.0;:;2.0;17.0;:;25.0;18.0;11.0;:;25.0;18.0;;;;;;;;;;;;;;USC-U13;;;2025-12-13;Sa
13.12.2025;15:15;Samstag;26;Spieltag 4;SC GW Paderborn;USC-U16-2;SG Sendenhorst;SG Sendenhorst;0:2 / 34:50;Westtorhalle (48324 Sendenhorst);0:2 / 34:50;2025/26;Oberliga 5 wU16;weiblich;0:2;34:50;62;;0.0;:;2.0;19.0;:;25.0;41;15.0;:;25.0;21;;;;;;;;;;;;;;USC-U16-2;;;2025-12-13;Sa
13.12.2025;16:30;Samstag;27;Spieltag 4;USC-U16-2;SG Sendenhorst;SC GW Paderborn;SG Sendenhorst;2:1 / 57:49;Westtorhalle (48324 Sendenhorst);2:1 / 57:49;2025/26;Oberliga 5 wU16;weiblich;2:1;57:49;83;;2.0;:;1.0;17.0;:;25.0;51;25.0;:;16.0;21;15.0;:;8.0;11;;;;;;;;;;USC-U16-2;;;2025-12-13;Sa
13.12.2025;17:35;Samstag;2049;Spieltag 12;USC1;Dresdner SC;-;USC1;3:2 / 103:107;Sporthalle Berg Fidel (48153 Münster);3:2 / 103:107;2025/26;1. Bundesliga Frauen;weiblich;3:2;103:107;121.0;2042.0;3.0;:;2.0;17.0;:;25.0;24.0;25.0;:;22.0;26.0;25.0;:;23.0;26.0;21.0;:;25.0;27.0;15.0;:;12.0;18.0;;USC1;;;2025-12-13;Sa
14.12.2025;11:00;Sonntag;28;Spieltag 4;SC Union Lüdinghausen;DJK Tusa Düsseldorf;USC-U14-1;SC Union Lüdinghausen;2:0 / 50:0;Drei-Burgen-Arena (59348 Lüdinghausen);2:0 / 50:0;2025/26;NRW-Liga wU14;weiblich;2:0;50:0;-;;2.0;:;0.0;25.0;:;0.0;-;25.0;:;0.0;-;;;;;;;;;;;;;;USC-U14-1;;;2025-12-14;So
14.12.2025;11:00;Sonntag;34;Spieltag 4;USC-U18;TuB Bocholt;Werdener TB;USC-U18;2:0 / 50:34;Halle Berg Fidel (48151 Münster);2:0 / 50:34;2025/26;NRW-Liga wU18;weiblich;2:0;50:34;47;;2.0;:;0.0;25.0;:;16.0;25;25.0;:;18.0;22;;;;;;;;;;;;;;USC-U18;;;2025-12-14;So
14.12.2025;11:00;Sonntag;28;Spieltag 4;USC-U14-2;SSV Meschede;VoR Paderborn III;USC-U14-2;0:2 / 22:50;Kardinal-von-Galen-Gymnasium (48165 Münster);0:2 / 22:50;2025/26;Oberliga 5 wU14;weiblich;0:2;22:50;12;;0.0;:;2.0;10.0;:;25.0;0;12.0;:;25.0;12;;;;;;;;;;;;;;USC-U14-2;;;2025-12-14;So
14.12.2025;12:00;Sonntag;29;Spieltag 4;DJK Tusa Düsseldorf;USC-U14-1;SC Union Lüdinghausen;SC Union Lüdinghausen;0:2 / 0:50;Drei-Burgen-Arena (59348 Lüdinghausen);0:2 / 0:50;2025/26;NRW-Liga wU14;weiblich;0:2;0:50;-;;0.0;:;2.0;0.0;:;25.0;-;0.0;:;25.0;-;;;;;;;;;;;;;;USC-U14-1;;;2025-12-14;So
14.12.2025;12:00;Sonntag;35;Spieltag 4;TuB Bocholt;Werdener TB;USC-U18;USC-U18;0:2 / 39:50;Halle Berg Fidel (48151 Münster);0:2 / 39:50;2025/26;NRW-Liga wU18;weiblich;0:2;39:50;92;;0.0;:;2.0;19.0;:;25.0;68;20.0;:;25.0;24;;;;;;;;;;;;;;USC-U18;;;2025-12-14;So
14.12.2025;12:00;Sonntag;29;Spieltag 4;SSV Meschede;VoR Paderborn III;USC-U14-2;USC-U14-2;2:0 / 50:23;Kardinal-von-Galen-Gymnasium (48165 Münster);2:0 / 50:23;2025/26;Oberliga 5 wU14;weiblich;2:0;50:23;22;;2.0;:;0.0;25.0;:;11.0;7;25.0;:;12.0;15;;;;;;;;;;;;;;USC-U14-2;;;2025-12-14;So
14.12.2025;13:00;Sonntag;30;Spieltag 4;USC-U14-1;SC Union Lüdinghausen;DJK Tusa Düsseldorf;SC Union Lüdinghausen;1:2 / 63:63;Drei-Burgen-Arena (59348 Lüdinghausen);1:2 / 63:63;2025/26;NRW-Liga wU14;weiblich;1:2;63:63;67;;1.0;:;2.0;23.0;:;25.0;23;25.0;:;21.0;24;15.0;:;17.0;20.0;;;;;;;;;;USC-U14-1;;;2025-12-14;So
14.12.2025;13:00;Sonntag;36;Spieltag 4;Werdener TB;USC-U18;TuB Bocholt;USC-U18;0:2 / 40:50;Halle Berg Fidel (48151 Münster);0:2 / 40:50;2025/26;NRW-Liga wU18;weiblich;0:2;40:50;126;;0.0;:;2.0;18.0;:;25.0;101;22.0;:;25.0;25;;;;;;;;;;;;;;USC-U18;;;2025-12-14;So
14.12.2025;13:00;Sonntag;30;Spieltag 4;VoR Paderborn III;USC-U14-2;SSV Meschede;USC-U14-2;2:0 / 52:43;Kardinal-von-Galen-Gymnasium (48165 Münster);2:0 / 52:43;2025/26;Oberliga 5 wU14;weiblich;2:0;52:43;39;;2.0;:;0.0;27.0;:;25.0;22;25.0;:;18.0;17;;;;;;;;;;;;;;USC-U14-2;;;2025-12-14;So
15.12.2025;18:30;Montag;47;Spieltag 10;USC8;USC7;-;USC8;0:3 / 42:75;Kardinal-von-Galen-Gymnasium (48165 Münster);0:3 / 42:75;2025/26;Kreisliga Münster Frauen;mixed;0:3;42:75;-;;0.0;:;3.0;10.0;:;25.0;-;19.0;:;25.0;-;13.0;:;25.0;-;;;;;;;;;;USC8;;;2025-12-15;Mo
16.12.2025;18:15;Dienstag;29;Spieltag 8;USC5;USC6;TuS Saxonia Münster IV;USC5;3:0 / 75:55;Halle Berg Fidel (48151 Münster);3:0 / 75:55;2025/26;Bezirksklasse 26 Frauen;weiblich;3:0;75:55;88.0;;3.0;:;0.0;25.0;:;15.0;36.0;25.0;:;20.0;26.0;25.0;:;20.0;26.0;;;;;;;;;;USC6;;;2025-12-16;Di
17.12.2025;17:30;Mittwoch;2067;Spieltag 13;SSC Palmberg Schwerin;USC1;-;SSC Palmberg Schwerin;3:0 / 75:60;Palmberg Arena (19059 Schwerin);3:0 / 75:60;2025/26;1. Bundesliga Frauen;weiblich;3:0;75:60;73.0;1739.0;3.0;:;0.0;25.0;:;22.0;31.0;25.0;:;16.0;22.0;25.0;:;22.0;20.0;;;;;;;;;;USC1;;;2025-12-17;Mi
20.12.2025;15:00;Samstag;4055;Spieltag 10;USC2;Team 48 Hildesheim;-;USC2;3:0 / 75:52;Sporthalle Berg Fidel (48153 Münster);3:0 / 75:52;2025/26;2. Bundesliga Frauen Nord;weiblich;3:0;75:52;66.0;75.0;3.0;:;0.0;25.0;:;20.0;24.0;25.0;:;20.0;22.0;25.0;:;12.0;20.0;;;;;;;;;;USC2;;;2025-12-20;Sa
20.12.2025;15:00;Samstag;48;Spieltag 10;USC3;SC Hennen;-;USC3;3:0 / 75:42;Kardinal-von-Galen-Gymnasium (48165 Münster);3:0 / 75:42;2025/26;Oberliga 2 Frauen;weiblich;3:0;75:42;61.0;;3.0;:;0.0;25.0;:;15.0;21.0;25.0;:;14.0;21.0;25.0;:;13.0;19.0;;;;;;;;;;USC3;;;2025-12-20;Sa
20.12.2025;15:30;Samstag;40;Spieltag 10;SV Greven;USC4;SG Sendenhorst II;SG Sendenhorst II;3:1 / 100:95;Westtorhalle (48324 Sendenhorst);3:1 / 100:95;2025/26;Bezirksliga 14 Frauen;weiblich;3:1;100:95;106.0;;3.0;:;1.0;25.0;:;23.0;24.0;24.0;:;26.0;26.0;25.0;:;22.0;29.0;26.0;:;24.0;27.0;;;;;;USC4;;;2025-12-20;Sa
20.12.2025;19:30;Samstag;2055;Spieltag 14;USC1;Allianz MTV Stuttgart;-;USC1;1:3 / 86:99;Sporthalle Berg Fidel (48153 Münster);1:3 / 86:99;2025/26;1. Bundesliga Frauen;weiblich;1:3;86:99;94.0;1709.0;1.0;:;3.0;17.0;:;25.0;21.0;19.0;:;25.0;22.0;25.0;:;22.0;25.0;25.0;:;27.0;26.0;;;;;;USC1;;;2025-12-20;Sa
21.12.2025;14:00;Sonntag;30;Spieltag 8;TuS Saxonia Münster IV;TSC Gievenbeck IV;USC5;TuS Saxonia Münster IV;3:1 / 96:86;Mathilde-Anneke-Gesamtschule (48145 Münster);3:1 / 96:86;2025/26;Bezirksklasse 26 Frauen;weiblich;3:1;96:86;128.0;;3.0;:;1.0;21.0;:;25.0;55.0;25.0;:;18.0;26.0;25.0;:;23.0;23.0;25.0;:;20.0;24.0;;;;;;USC5;;;2025-12-21;So
27.12.2025;18:00;Samstag;2066;Spieltag 16;Schwarz-Weiß Erfurt;USC1;-;Schwarz-Weiß Erfurt;0:3 / 51:75;Riethsporthalle (99089 Erfurt);0:3 / 51:75;2025/26;1. Bundesliga Frauen;weiblich;0:3;51:75;66.0;904.0;0.0;:;3.0;11.0;:;25.0;20.0;18.0;:;25.0;21.0;22.0;:;25.0;25.0;;;;;;;;;;USC1;;;2025-12-27;Sa
07.01.2026;17:30;Mittwoch;43;Spieltag 9;SV Ems Westbevern III;USC7;-;USC7;0:3 / 28:75;Kardinal-von-Galen-Gymnasium (48165 Münster);0:3 / 28:75;2025/26;Kreisliga Münster Frauen;mixed;0:3;28:75;83;;0.0;:;3.0;11.0;:;25.0;51;11.0;:;25.0;18;6.0;:;25.0;14;;;;;;;;;;USC7;;;2026-01-07;Mi
10.01.2026;11:00;Samstag;53;Spieltag 11;USC7;SV Blau-Weiß Aasee IX;-;USC7;Kardinal-von-Galen-Gymnasium (48165 Münster);Kardinal-von-Galen-Gymnasium (48165 Münster);-;2025/26;Kreisliga Münster Frauen;mixed;;;;;;;;;;;;;;;;;;;;;;;;;;;;;USC7;;;2026-01-10;Sa
10.01.2026;15:00;Samstag;43;Spieltag 11;USC4;SV Blau-Weiß Aasee IV;TuS Saxonia Münster III;USC4;Kardinal-von-Galen-Gymnasium (48165 Münster);Kardinal-von-Galen-Gymnasium (48165 Münster);-;2025/26;Bezirksliga 14 Frauen;weiblich;;;;;;;;;;;;;;;;;;;;;;;;;;;;;USC4;;;2026-01-10;Sa
10.01.2026;16:00;Samstag;52;Spieltag 11;SG Sendenhorst;USC3;-;SG Sendenhorst;Westtorhalle (48324 Sendenhorst);Westtorhalle (48324 Sendenhorst);-;2025/26;Oberliga 2 Frauen;weiblich;;;;;;;;;;;;;;;;;;;;;;;;;;;;;USC3;;;2026-01-10;Sa
10.01.2026;16:30;Samstag;44;Spieltag 11;TuS Saxonia Münster III;SC DJK Everswinkel;USC4;USC4;Kardinal-von-Galen-Gymnasium (48165 Münster);Kardinal-von-Galen-Gymnasium (48165 Münster);-;2025/26;Bezirksliga 14 Frauen;weiblich;;;;;;;;;;;;;;;;;;;;;;;;;;;;;USC4;;;2026-01-10;Sa
11.01.2026;11:00;Sonntag;39;Spieltag 6;USC-U13;Telekom Post SV Bielefeld;VoR Paderborn II;USC-U13;Kardinal-von-Galen-Gymnasium (48165 Münster);Kardinal-von-Galen-Gymnasium (48165 Münster);-;2025/26;Oberliga 6 wU13;weiblich;;;;;;;;;;;;;;;;;;;;;;;;;;;;;USC-U13;;;2026-01-11;So
11.01.2026;12:15;Sonntag;40;Spieltag 6;VoR Paderborn II;Telekom Post SV Bielefeld;SV Ems Westbevern;USC-U13;Kardinal-von-Galen-Gymnasium (48165 Münster);Kardinal-von-Galen-Gymnasium (48165 Münster);-;2025/26;Oberliga 6 wU13;weiblich;;;;;;;;;;;;;;;;;;;;;;;;;;;;;USC-U13;;;2026-01-11;So
11.01.2026;13:30;Sonntag;41;Spieltag 6;USC-U13;SV Ems Westbevern;Telekom Post SV Bielefeld;USC-U13;Kardinal-von-Galen-Gymnasium (48165 Münster);Kardinal-von-Galen-Gymnasium (48165 Münster);-;2025/26;Oberliga 6 wU13;weiblich;;;;;;;;;;;;;;;;;;;;;;;;;;;;;USC-U13;;;2026-01-11;So
11.01.2026;14:45;Sonntag;42;Spieltag 6;VoR Paderborn II;SV Ems Westbevern;USC-U13;USC-U13;Kardinal-von-Galen-Gymnasium (48165 Münster);Kardinal-von-Galen-Gymnasium (48165 Münster);-;2025/26;Oberliga 6 wU13;weiblich;;;;;;;;;;;;;;;;;;;;;;;;;;;;;USC-U13;;;2026-01-11;So
11.01.2026;15:00;Sonntag;4066;Spieltag 11;Schweriner SC II;USC2;-;Schweriner SC II;Volleyballhalle Am Lambrechtsgrund (19059 Schwerin);Volleyballhalle Am Lambrechtsgrund (19059 Schwerin);-;2025/26;2. Bundesliga Frauen Nord;weiblich;;;;;;;;;;;;;;;;;;;;;;;;;;;;;USC2;;;2026-01-11;So
11.01.2026;16:00;Sonntag;31;Spieltag 5;Telekom Post SV Bielefeld;SV Ems Westbevern;-;USC-U13;Kardinal-von-Galen-Gymnasium (48165 Münster);Kardinal-von-Galen-Gymnasium (48165 Münster);-;2025/26;Oberliga 6 wU13;weiblich;;;;;;;;;;;;;;;;;;;;;;;;;;;;;USC-U13;;;2026-01-11;So
16.01.2026;18:30;Freitag;31;Spieltag 8;TuS Saxonia Münster III;BSV Ostbevern II;USC4;TuS Saxonia Münster III;Beverhalle (48346 Ostbevern);Beverhalle (48346 Ostbevern);-;2025/26;Bezirksliga 14 Frauen;weiblich;;;;;;;;;;;;;;;;;;;;;;;;;;;;;USC4;;;2026-01-16;Fr
17.01.2026;12:00;Samstag;59;Spieltag 12;SV Blau-Weiß Aasee IX;USC8;-;SV Blau-Weiß Aasee IX;Sporthalle der Bonhoeffer Schule (48151 Münster);Sporthalle der Bonhoeffer Schule (48151 Münster);-;2025/26;Kreisliga Münster Frauen;mixed;;;;;;;;;;;;;;;;;;;;;;;;;;;;;USC8;;;2026-01-17;Sa
17.01.2026;15:00;Samstag;60;Spieltag 12;USC3;SSV Meschede;-;USC3;Kardinal-von-Galen-Gymnasium (48165 Münster);Kardinal-von-Galen-Gymnasium (48165 Münster);-;2025/26;Oberliga 2 Frauen;weiblich;;;;;;;;;;;;;;;;;;;;;;;;;;;;;USC3;;;2026-01-17;Sa
17.01.2026;15:00;Samstag;33;Spieltag 9;TSV Handorf;TSC Gievenbeck IV;USC6;TSV Handorf;2,5fach-Sporthalle Middelfeld (48157 Münster);2,5fach-Sporthalle Middelfeld (48157 Münster);-;2025/26;Bezirksklasse 26 Frauen;weiblich;;;;;;;;;;;;;;;;;;;;;;;;;;;;;USC6;;;2026-01-17;Sa
17.01.2026;16:15;Samstag;34;Spieltag 9;USC6;SV Blau-Weiß Aasee VI;TSV Handorf;TSV Handorf;2,5fach-Sporthalle Middelfeld (48157 Münster);2,5fach-Sporthalle Middelfeld (48157 Münster);-;2025/26;Bezirksklasse 26 Frauen;weiblich;;;;;;;;;;;;;;;;;;;;;;;;;;;;;USC6;;;2026-01-17;Sa
17.01.2026;17:15;Samstag;36;Spieltag 9;SV Blau-Weiß Aasee V;USC5;TuS Saxonia Münster IV;TuS Saxonia Münster IV;Städtisches Wilhelm-Hittorf-Gymnasium (48151 Münster);Städtisches Wilhelm-Hittorf-Gymnasium (48151 Münster);-;2025/26;Bezirksklasse 26 Frauen;weiblich;;;;;;;;;;;;;;;;;;;;;;;;;;;;;USC5;;;2026-01-17;Sa
18.01.2026;15:00;Sonntag;47;Spieltag 12;SC DJK Everswinkel;USC4;BSV Ostbevern II;SC DJK Everswinkel;Vitus-Sportcenter (48351 Everswinkel);Vitus-Sportcenter (48351 Everswinkel);-;2025/26;Bezirksliga 14 Frauen;weiblich;;;;;;;;;;;;;;;;;;;;;;;;;;;;;USC4;;;2026-01-18;So
18.01.2026;16:00;Sonntag;2077;Spieltag 17;USC1;Binder Blaubären TSV Flacht;-;USC1;Sporthalle Berg Fidel (48153 Münster);Sporthalle Berg Fidel (48153 Münster);-;2025/26;1. Bundesliga Frauen;weiblich;;;;;;;;;;;;;;;;;;;;;;;;;;;;;USC1;;;2026-01-18;So
18.01.2026;16:00;Sonntag;4067;Spieltag 12;RC Sorpesee;USC2;-;RC Sorpesee;Schulzentrum Sundern (59846 Sundern);Schulzentrum Sundern (59846 Sundern);-;2025/26;2. Bundesliga Frauen Nord;weiblich;;;;;;;;;;;;;;;;;;;;;;;;;;;;;USC2;;;2026-01-18;So
21.01.2026;17:30;Mittwoch;60;Spieltag 12;USC7;SV Blau-Weiß Aasee VIII;-;USC7;Kardinal-von-Galen-Gymnasium (48165 Münster);Kardinal-von-Galen-Gymnasium (48165 Münster);-;2025/26;Kreisliga Münster Frauen;mixed;;;;;;;;;;;;;;;;;;;;;;;;;;;;;USC7;;;2026-01-21;Mi
21.01.2026;20:00;Mittwoch;2079;Spieltag 4;ETV Hamburger Volksbank Volleys;USC1;-;ETV Hamburger Volksbank Volleys;ETV Sporthalle Hoheluft (22529 Hamburg);ETV Sporthalle Hoheluft (22529 Hamburg);-;2025/26;1. Bundesliga Frauen;weiblich;;;;;;;;;;;;;;;;;;;;;;;;;;;;;USC1;;;2026-01-21;Mi
24.01.2026;12:00;Samstag;39;Spieltag 10;SV Blau-Weiß Aasee V;TSV Handorf;USC5;SV Blau-Weiß Aasee V;Sporthalle der Bonhoeffer Schule (48151 Münster);Sporthalle der Bonhoeffer Schule (48151 Münster);-;2025/26;Bezirksklasse 26 Frauen;weiblich;;;;;;;;;;;;;;;;;;;;;;;;;;;;;USC5;;;2026-01-24;Sa
24.01.2026;13:15;Samstag;40;Spieltag 10;USC5;TSC Gievenbeck IV;SV Blau-Weiß Aasee V;SV Blau-Weiß Aasee V;Sporthalle der Bonhoeffer Schule (48151 Münster);Sporthalle der Bonhoeffer Schule (48151 Münster);-;2025/26;Bezirksklasse 26 Frauen;weiblich;;;;;;;;;;;;;;;;;;;;;;;;;;;;;USC5;;;2026-01-24;Sa
24.01.2026;14:00;Samstag;37;Spieltag 10;USC6;TuS Saxonia Münster IV;SV Blau-Weiß Aasee VI;USC6;Mathilde-Anneke-Gesamtschule (48145 Münster);Mathilde-Anneke-Gesamtschule (48145 Münster);-;2025/26;Bezirksklasse 26 Frauen;weiblich;;;;;;;;;;;;;;;;;;;;;;;;;;;;;USC6;;;2026-01-24;Sa
24.01.2026;15:00;Samstag;4077;Spieltag 13;USC2;VC Osnabrück;-;USC2;Sporthalle Berg Fidel (48153 Münster);Sporthalle Berg Fidel (48153 Münster);-;2025/26;2. Bundesliga Frauen Nord;weiblich;;;;;;;;;;;;;;;;;;;;;;;;;;;;;USC2;;;2026-01-24;Sa
24.01.2026;15:15;Samstag;38;Spieltag 10;SV Blau-Weiß Aasee VI;SV Arminia Appelhülsen II;USC6;USC6;Mathilde-Anneke-Gesamtschule (48145 Münster);Mathilde-Anneke-Gesamtschule (48145 Münster);-;2025/26;Bezirksklasse 26 Frauen;weiblich;;;;;;;;;;;;;;;;;;;;;;;;;;;;;USC6;;;2026-01-24;Sa
24.01.2026;18:00;Samstag;62;Spieltag 13;SC Halle;USC3;-;SC Halle;Sporthalle Masch 2 (33790 Halle);Sporthalle Masch 2 (33790 Halle);-;2025/26;Oberliga 2 Frauen;weiblich;;;;;;;;;;;;;;;;;;;;;;;;;;;;;USC3;;;2026-01-24;Sa
31.01.2026;15:00;Samstag;68;Spieltag 14;USC3;TB Höntrop;-;USC3;Kardinal-von-Galen-Gymnasium (48165 Münster);Kardinal-von-Galen-Gymnasium (48165 Münster);-;2025/26;Oberliga 2 Frauen;weiblich;;;;;;;;;;;;;;;;;;;;;;;;;;;;;USC3;;;2026-01-31;Sa
31.01.2026;16:00;Samstag;4079;Spieltag 14;SSF Bonn;USC2;-;SSF Bonn;Hardtberghalle (53125 Bonn);Hardtberghalle (53125 Bonn);-;2025/26;2. Bundesliga Frauen Nord;weiblich;;;;;;;;;;;;;;;;;;;;;;;;;;;;;USC2;;;2026-01-31;Sa
31.01.2026;17:15;Samstag;44;Spieltag 11;TSV Handorf;USC6;TuS Saxonia Münster IV;TuS Saxonia Münster IV;Städtisches Wilhelm-Hittorf-Gymnasium (48151 Münster);Städtisches Wilhelm-Hittorf-Gymnasium (48151 Münster);-;2025/26;Bezirksklasse 26 Frauen;weiblich;;;;;;;;;;;;;;;;;;;;;;;;;;;;;USC6;;;2026-01-31;Sa
31.01.2026;18:30;Samstag;2091;Spieltag 8;Ladies in Black Aachen;USC1;-;Ladies in Black Aachen;Neuköllner Straße (52068 Aachen);Neuköllner Straße (52068 Aachen);-;2025/26;1. Bundesliga Frauen;weiblich;;;;;;;;;;;;;;;;;;;;;;;;;;;;;USC1;;;2026-01-31;Sa
01.02.2026;11:00;Sonntag;53;Spieltag 14;BSV Ostbevern II;SV Blau-Weiß Aasee IV;USC4;BSV Ostbevern II;Beverhalle (48346 Ostbevern);Beverhalle (48346 Ostbevern);-;2025/26;Bezirksliga 14 Frauen;weiblich;;;;;;;;;;;;;;;;;;;;;;;;;;;;;USC4;;;2026-02-01;So
01.02.2026;11:00;Sonntag;68;Spieltag 14;USC8;SV Blau-Weiß Aasee VIII;SC Münster 08 III;USC8;Kardinal-von-Galen-Gymnasium (48165 Münster);Kardinal-von-Galen-Gymnasium (48165 Münster);-;2025/26;Kreisliga Münster Frauen;mixed;;;;;;;;;;;;;;;;;;;;;;;;;;;;;USC8;;;2026-02-01;So
01.02.2026;12:00;Sonntag;69;Spieltag 14;SC Münster 08 III;SV Blau-Weiß Aasee IX;USC8;USC8;Kardinal-von-Galen-Gymnasium (48165 Münster);Kardinal-von-Galen-Gymnasium (48165 Münster);-;2025/26;Kreisliga Münster Frauen;mixed;;;;;;;;;;;;;;;;;;;;;;;;;;;;;USC8;;;2026-02-01;So
01.02.2026;12:30;Sonntag;54;Spieltag 14;USC4;SG Sendenhorst II;BSV Ostbevern II;BSV Ostbevern II;Beverhalle (48346 Ostbevern);Beverhalle (48346 Ostbevern);-;2025/26;Bezirksliga 14 Frauen;weiblich;;;;;;;;;;;;;;;;;;;;;;;;;;;;;USC4;;;2026-02-01;So
01.02.2026;14:30;Sonntag;41;Spieltag 11;SV Arminia Appelhülsen II;USC5;TSC Gievenbeck IV;SV Arminia Appelhülsen II;St. Marien Grundschule (48301 Nottuln);St. Marien Grundschule (48301 Nottuln);-;2025/26;Bezirksklasse 26 Frauen;weiblich;;;;;;;;;;;;;;;;;;;;;;;;;;;;;USC5;;;2026-02-01;So
07.02.2026;15:00;Samstag;4088;Spieltag 15;USC2;SC Potsdam II;-;USC2;Sporthalle Berg Fidel (48153 Münster);Sporthalle Berg Fidel (48153 Münster);-;2025/26;2. Bundesliga Frauen Nord;weiblich;;;;;;;;;;;;;;;;;;;;;;;;;;;;;USC2;;;2026-02-07;Sa
07.02.2026;19:30;Samstag;2099;Spieltag 18;USC1;VfB Suhl LOTTO Thüringen;-;USC1;Sporthalle Berg Fidel (48153 Münster);Sporthalle Berg Fidel (48153 Münster);-;2025/26;1. Bundesliga Frauen;weiblich;;;;;;;;;;;;;;;;;;;;;;;;;;;;;USC1;;;2026-02-07;Sa
14.02.2026;13:00;Samstag;74;Spieltag 15;USC8;SV Ems Westbevern III;-;-;;nan;-;2025/26;Kreisliga Münster Frauen;mixed;;;;;;;;;;;;;;;;;;;;;;;;;;;;;USC8;;;2026-02-14;Sa
14.02.2026;15:00;Samstag;72;Spieltag 15;SV Blau-Weiß Aasee II;USC3;-;SV Blau-Weiß Aasee II;Erich-Klausener-Schule (48151 Münster);Erich-Klausener-Schule (48151 Münster);-;2025/26;Oberliga 2 Frauen;weiblich;;;;;;;;;;;;;;;;;;;;;;;;;;;;;USC3;;;2026-02-14;Sa
14.02.2026;19:30;Samstag;2103;Spieltag 19;Skurios Volleys Borken;USC1;-;Skurios Volleys Borken;Mergelsberg Sporthalle (46325 Borken);Mergelsberg Sporthalle (46325 Borken);-;2025/26;1. Bundesliga Frauen;weiblich;;;;;;;;;;;;;;;;;;;;;;;;;;;;;USC1;;;2026-02-14;Sa
15.02.2026;11:00;Sonntag;57;Spieltag 15;USC4;VSG Ibbenbüren;SV Blau-Weiß Aasee IV;USC4;Kardinal-von-Galen-Gymnasium (48165 Münster);Kardinal-von-Galen-Gymnasium (48165 Münster);-;2025/26;Bezirksliga 14 Frauen;weiblich;;;;;;;;;;;;;;;;;;;;;;;;;;;;;USC4;;;2026-02-15;So
15.02.2026;12:30;Sonntag;58;Spieltag 15;SV Blau-Weiß Aasee IV;TuS Saxonia Münster III;USC4;USC4;Kardinal-von-Galen-Gymnasium (48165 Münster);Kardinal-von-Galen-Gymnasium (48165 Münster);-;2025/26;Bezirksliga 14 Frauen;weiblich;;;;;;;;;;;;;;;;;;;;;;;;;;;;;USC4;;;2026-02-15;So
15.02.2026;13:00;Sonntag;75;Spieltag 15;TSC Gievenbeck VI;USC7;SV Blau-Weiß Aasee VIII;SV Blau-Weiß Aasee VIII;Städtisches Wilhelm-Hittorf-Gymnasium (48151 Münster);Städtisches Wilhelm-Hittorf-Gymnasium (48151 Münster);-;2025/26;Kreisliga Münster Frauen;mixed;;;;;;;;;;;;;;;;;;;;;;;;;;;;;USC7;;;2026-02-15;So
15.02.2026;16:00;Sonntag;4091;Spieltag 16;TV Cloppenburg;USC2;-;TV Cloppenburg;Sporthalle an der Leharstraße (49661 Cloppenburg);Sporthalle an der Leharstraße (49661 Cloppenburg);-;2025/26;2. Bundesliga Frauen Nord;weiblich;;;;;;;;;;;;;;;;;;;;;;;;;;;;;USC2;;;2026-02-15;So
21.02.2026;12:00;Samstag;63;Spieltag 16;TuS Saxonia Münster III;USC4;SV Greven;TuS Saxonia Münster III;Städtisches Wilhelm-Hittorf-Gymnasium (48151 Münster);Städtisches Wilhelm-Hittorf-Gymnasium (48151 Münster);-;2025/26;Bezirksliga 14 Frauen;weiblich;;;;;;;;;;;;;;;;;;;;;;;;;;;;;USC4;;;2026-02-21;Sa
21.02.2026;12:00;Samstag;47;Spieltag 12;TSC Gievenbeck IV;USC6;TSV Handorf;TSC Gievenbeck IV;Sporthalle der Mosaikschule (48161 Münster);Sporthalle der Mosaikschule (48161 Münster);-;2025/26;Bezirksklasse 26 Frauen;weiblich;;;;;;;;;;;;;;;;;;;;;;;;;;;;;USC6;;;2026-02-21;Sa
21.02.2026;15:00;Samstag;4099;Spieltag 17;USC2;BSV Ostbevern;-;USC2;Sporthalle Berg Fidel (48153 Münster);Sporthalle Berg Fidel (48153 Münster);-;2025/26;2. Bundesliga Frauen Nord;weiblich;;;;;;;;;;;;;;;;;;;;;;;;;;;;;USC2;;;2026-02-21;Sa
21.02.2026;15:00;Samstag;77;Spieltag 16;RC Sorpesee II;USC3;-;RC Sorpesee II;Freie Schule am See (59846 Sundern);Freie Schule am See (59846 Sundern);-;2025/26;Oberliga 2 Frauen;weiblich;;;;;;;;;;;;;;;;;;;;;;;;;;;;;USC3;;;2026-02-21;Sa
21.02.2026;19:30;Samstag;2110;Spieltag 20;USC1;VC Wiesbaden;-;USC1;Sporthalle Berg Fidel (48153 Münster);Sporthalle Berg Fidel (48153 Münster);-;2025/26;1. Bundesliga Frauen;weiblich;;;;;;;;;;;;;;;;;;;;;;;;;;;;;USC1;;;2026-02-21;Sa
21.02.2026;???;Samstag;80;Spieltag 16;TSC Gievenbeck VI;USC8;-;-;;nan;-;2025/26;Kreisliga Münster Frauen;mixed;;;;;;;;;;;;;;;;;;;;;;;;;;;;;USC8;;;2026-02-21;Sa
22.02.2026;11:00;Sonntag;45;Spieltag 12;SV Blau-Weiß Aasee V;SV Arminia Appelhülsen II;USC5;SV Blau-Weiß Aasee V;Sporthalle der Bonhoeffer Schule (48151 Münster);Sporthalle der Bonhoeffer Schule (48151 Münster);-;2025/26;Bezirksklasse 26 Frauen;weiblich;;;;;;;;;;;;;;;;;;;;;;;;;;;;;USC5;;;2026-02-22;So
22.02.2026;11:00;Sonntag;76;Spieltag 16;USC7;SC Münster 08 II;SV Blau-Weiß Aasee VIII;USC7;Kardinal-von-Galen-Gymnasium (48165 Münster);Kardinal-von-Galen-Gymnasium (48165 Münster);-;2025/26;Kreisliga Münster Frauen;mixed;;;;;;;;;;;;;;;;;;;;;;;;;;;;;USC7;;;2026-02-22;So
22.02.2026;12:00;Sonntag;77;Spieltag 16;SV Blau-Weiß Aasee VIII;SV Blau-Weiß Aasee IX;USC7;USC7;Kardinal-von-Galen-Gymnasium (48165 Münster);Kardinal-von-Galen-Gymnasium (48165 Münster);-;2025/26;Kreisliga Münster Frauen;mixed;;;;;;;;;;;;;;;;;;;;;;;;;;;;;USC7;;;2026-02-22;So
22.02.2026;12:15;Sonntag;46;Spieltag 12;USC5;SV Blau-Weiß Aasee VI;SV Blau-Weiß Aasee V;SV Blau-Weiß Aasee V;Sporthalle der Bonhoeffer Schule (48151 Münster);Sporthalle der Bonhoeffer Schule (48151 Münster);-;2025/26;Bezirksklasse 26 Frauen;weiblich;;;;;;;;;;;;;;;;;;;;;;;;;;;;;USC5;;;2026-02-22;So
01.03.2026;13:00;Sonntag;4133;Spieltag 23;VCO Münster;USC2;-;VCO Münster;Sporthalle Berg Fidel (48153 Münster);Sporthalle Berg Fidel (48153 Münster);-;2025/26;2. Bundesliga Frauen Nord;weiblich;;;;;;;;;;;;;;;;;;;;;;;;;;;;;USC2;;;2026-03-01;So
04.03.2026;19:00;Mittwoch;2115;Spieltag 21;Dresdner SC;USC1;-;Dresdner SC;Margon Arena (01277 Dresden);Margon Arena (01277 Dresden);-;2025/26;1. Bundesliga Frauen;weiblich;;;;;;;;;;;;;;;;;;;;;;;;;;;;;USC1;;;2026-03-04;Mi
07.03.2026;12:00;Samstag;81;Spieltag 17;SC Münster 08 III;USC7;USC8;SC Münster 08 III;Sporthalle Ost (Zweifachhalle) (48145 Münster);Sporthalle Ost (Zweifachhalle) (48145 Münster);-;2025/26;Kreisliga Münster Frauen;mixed;;;;;;;;;;;;;;;;;;;;;;;;;;;;;USC8;;;2026-03-07;Sa
07.03.2026;13:00;Samstag;82;Spieltag 17;USC8;SC Münster 08 II;SC Münster 08 III;SC Münster 08 III;Sporthalle Ost (Zweifachhalle) (48145 Münster);Sporthalle Ost (Zweifachhalle) (48145 Münster);-;2025/26;Kreisliga Münster Frauen;mixed;;;;;;;;;;;;;;;;;;;;;;;;;;;;;USC8;;;2026-03-07;Sa
07.03.2026;15:00;Samstag;85;Spieltag 17;USC3;DJK Sportfreunde Datteln;-;USC3;Kardinal-von-Galen-Gymnasium (48165 Münster);Kardinal-von-Galen-Gymnasium (48165 Münster);-;2025/26;Oberliga 2 Frauen;weiblich;;;;;;;;;;;;;;;;;;;;;;;;;;;;;USC3;;;2026-03-07;Sa
07.03.2026;16:00;Samstag;4103;Spieltag 18;SCU Emlichheim;USC2;-;SCU Emlichheim;Vechtetalhalle (49824 Emlichheim);Vechtetalhalle (49824 Emlichheim);-;2025/26;2. Bundesliga Frauen Nord;weiblich;;;;;;;;;;;;;;;;;;;;;;;;;;;;;USC2;;;2026-03-07;Sa
07.03.2026;16:30;Samstag;68;Spieltag 17;TSC Gievenbeck III;USC4;BSV Ostbevern II;BSV Ostbevern II;Beverhalle (48346 Ostbevern);Beverhalle (48346 Ostbevern);-;2025/26;Bezirksliga 14 Frauen;weiblich;;;;;;;;;;;;;;;;;;;;;;;;;;;;;USC4;;;2026-03-07;Sa
07.03.2026;16:45;Samstag;2121;Spieltag 15;Allianz MTV Stuttgart;USC1;-;Allianz MTV Stuttgart;SCHARRena Stuttgart (70372 Stuttgart);SCHARRena Stuttgart (70372 Stuttgart);-;2025/26;1. Bundesliga Frauen;weiblich;;;;;;;;;;;;;;;;;;;;;;;;;;;;;USC1;;;2026-03-07;Sa
08.03.2026;12:00;Sonntag;51;Spieltag 13;USC5;TuS Saxonia Münster IV;USC6;USC5;Kardinal-von-Galen-Gymnasium (48165 Münster);Kardinal-von-Galen-Gymnasium (48165 Münster);-;2025/26;Bezirksklasse 26 Frauen;weiblich;;;;;;;;;;;;;;;;;;;;;;;;;;;;;USC6;;;2026-03-08;So
08.03.2026;13:15;Sonntag;52;Spieltag 13;USC6;SV Blau-Weiß Aasee V;USC5;USC5;Kardinal-von-Galen-Gymnasium (48165 Münster);Kardinal-von-Galen-Gymnasium (48165 Münster);-;2025/26;Bezirksklasse 26 Frauen;weiblich;;;;;;;;;;;;;;;;;;;;;;;;;;;;;USC6;;;2026-03-08;So
14.03.2026;18:00;Samstag;2132;Spieltag 22;USC1;Schwarz-Weiß Erfurt;-;USC1;Sporthalle Berg Fidel (48153 Münster);Sporthalle Berg Fidel (48153 Münster);-;2025/26;1. Bundesliga Frauen;weiblich;;;;;;;;;;;;;;;;;;;;;;;;;;;;;USC1;;;2026-03-14;Sa
21.03.2026;15:00;Samstag;4110;Spieltag 19;USC2;SV Energie Cottbus;-;USC2;Sporthalle Berg Fidel (48153 Münster);Sporthalle Berg Fidel (48153 Münster);-;2025/26;2. Bundesliga Frauen Nord;weiblich;;;;;;;;;;;;;;;;;;;;;;;;;;;;;USC2;;;2026-03-21;Sa
21.03.2026;15:00;Samstag;71;Spieltag 18;SV Greven;VSG Ibbenbüren;USC4;SV Greven;Mühlenbachhalle (48268 Greven);Mühlenbachhalle (48268 Greven);-;2025/26;Bezirksliga 14 Frauen;weiblich;;;;;;;;;;;;;;;;;;;;;;;;;;;;;USC4;;;2026-03-21;Sa
21.03.2026;15:00;Samstag;55;Spieltag 14;TSV Handorf;USC5;SV Blau-Weiß Aasee V;TSV Handorf;2,5fach-Sporthalle Middelfeld (48157 Münster);2,5fach-Sporthalle Middelfeld (48157 Münster);-;2025/26;Bezirksklasse 26 Frauen;weiblich;;;;;;;;;;;;;;;;;;;;;;;;;;;;;USC5;;;2026-03-21;Sa
21.03.2026;16:30;Samstag;72;Spieltag 18;USC4;BSV Ostbevern II;SV Greven;SV Greven;Mühlenbachhalle (48268 Greven);Mühlenbachhalle (48268 Greven);-;2025/26;Bezirksliga 14 Frauen;weiblich;;;;;;;;;;;;;;;;;;;;;;;;;;;;;USC4;;;2026-03-21;Sa
22.03.2026;11:00;Sonntag;86;Spieltag 18;USC7;SV Ems Westbevern III;SC Münster 08 II;USC7;Kardinal-von-Galen-Gymnasium (48165 Münster);Kardinal-von-Galen-Gymnasium (48165 Münster);-;2025/26;Kreisliga Münster Frauen;mixed;;;;;;;;;;;;;;;;;;;;;;;;;;;;;USC7;;;2026-03-22;So
22.03.2026;11:00;Sonntag;88;Spieltag 18;USC8;SC Münster 08 III;SV Blau-Weiß Aasee IX;USC8;Kardinal-von-Galen-Gymnasium (48165 Münster);Kardinal-von-Galen-Gymnasium (48165 Münster);-;2025/26;Kreisliga Münster Frauen;mixed;;;;;;;;;;;;;;;;;;;;;;;;;;;;;USC8;;;2026-03-22;So
22.03.2026;12:00;Sonntag;87;Spieltag 18;SC Münster 08 II;SV Blau-Weiß Aasee VIII;USC7;USC7;Kardinal-von-Galen-Gymnasium (48165 Münster);Kardinal-von-Galen-Gymnasium (48165 Münster);-;2025/26;Kreisliga Münster Frauen;mixed;;;;;;;;;;;;;;;;;;;;;;;;;;;;;USC7;;;2026-03-22;So
22.03.2026;12:00;Sonntag;90;Spieltag 18;SV Blau-Weiß Aasee IX;TSC Gievenbeck VI;USC8;USC8;Kardinal-von-Galen-Gymnasium (48165 Münster);Kardinal-von-Galen-Gymnasium (48165 Münster);-;2025/26;Kreisliga Münster Frauen;mixed;;;;;;;;;;;;;;;;;;;;;;;;;;;;;USC8;;;2026-03-22;So
22.03.2026;16:15;Sonntag;54;Spieltag 14;SV Arminia Appelhülsen II;USC6;TSC Gievenbeck IV;TSC Gievenbeck IV;Sporthalle der Mosaikschule (48161 Münster);Sporthalle der Mosaikschule (48161 Münster);-;2025/26;Bezirksklasse 26 Frauen;weiblich;;;;;;;;;;;;;;;;;;;;;;;;;;;;;USC6;;;2026-03-22;So
22.03.2026;17:00;Sonntag;87;Spieltag 18;SV Blau-Weiß Sande;USC3;-;SV Blau-Weiß Sande;Sporthalle Sande (33106 Paderborn);Sporthalle Sande (33106 Paderborn);-;2025/26;Oberliga 2 Frauen;weiblich;;;;;;;;;;;;;;;;;;;;;;;;;;;;;USC3;;;2026-03-22;So
28.03.2026;18:00;Samstag;4115;Spieltag 20;TUSA City Girls Düsseldorf;USC2;-;TUSA City Girls Düsseldorf;DH Brinckmannstraße, Hulda Pankok (40225 Düsseldorf);DH Brinckmannstraße, Hulda Pankok (40225 Düsseldorf);-;2025/26;2. Bundesliga Frauen Nord;weiblich;;;;;;;;;;;;;;;;;;;;;;;;;;;;;USC2;;;2026-03-28;Sa
11.04.2026;20:00;Samstag;4121;Spieltag 21;Team 48 Hildesheim;USC2;-;Team 48 Hildesheim;Sporthalle Marienburger Höhe (31141 Hildesheim);Sporthalle Marienburger Höhe (31141 Hildesheim);-;2025/26;2. Bundesliga Frauen Nord;weiblich;;;;;;;;;;;;;;;;;;;;;;;;;;;;;USC2;;;2026-04-11;Sa
25.04.2026;19:00;Samstag;4132;Spieltag 22;USC2;Schweriner SC II;-;USC2;Sporthalle Berg Fidel (48153 Münster);Sporthalle Berg Fidel (48153 Münster);-;2025/26;2. Bundesliga Frauen Nord;weiblich;;;;;;;;;;;;;;;;;;;;;;;;;;;;;USC2;;;2026-04-25;Sa
